text,label_meaning
是毛主席，指出了枪杆子里面出政权，对于帝国主义和一切反动派统治下的旧世界，用枪杆子才可能改造。,3
天山，才具如此的掌控能力，将喧哗和静默有机统一，将奔涌和凝固完美结合。,3
经受实践风雨的洗礼，“四个意识”才会在思想深处扎根。,3
他经常对学生讲，在中国共产党领导下，中国的现代化建设才会突飞猛进发展。,3
实践证明，一个地方风气正，人心齐，干部群众精神振奋，各项事业才会长足发展。,3
革命军人平时刻苦训练，才会有战时的决战决胜。,3
联合声明说，两国政府深信，“战争不能解决问题”，在和平中，才会使南斯拉夫和印度两国人民有机会自我发展。,3
以高格调的产品为号召，小小“TV”才会别有洞天，别具滋味。,3
坦诚交流、相互尊重，眼下的有利氛围才会真正转化为伊核问题和平解决的新契机。,3
吴先生认为，当今的中国足坛缺乏顶尖的球星，培养出众多技艺非凡的球星，足球运动才会变得更有魅力。,3
我们西藏人民也在中国共产党和各族人民伟大领袖毛主席的英明领导下，坚决走社会主义道路，才会有光明幸福的前途。,3
经过长期的这样的学习，才可以指望改变一部分哲学工作者的书生气和学生腔，逐步掌握理论联系实际的方法，写出从实践中来的哲学，写出为工农兵和革命干部所欢迎的哲学。,3
村民们还向客人献上在盛大节日才吃的传统食品。,3
艺术创作需要起码的物质生存条件，人在解决了衣食住行的实际需求后才可能从事艺术和其他活动。,3
中非人不仅爱吃蚂蚁，而且非常喜欢吃毛毛虫和金龟子等，品尝过这些小生物的人，才会理解他们为什么这么爱吃。,3
内塔尼亚胡强调，在巴自治政府履行打击恐怖活动的义务后，以色列才会进一步向巴方移交约旦河西岸土地。,3
经过反复的磨练，中国女排才会状态越来越稳定，队伍越来越成熟。,3
区长和议员则是兼职的，月薪600美元，他们平时都有各自的职业，只是在召开议会或决定社区大事时才到社区来。,3
那些害怕加强和平和不希望国际局势正常化的人，才会对这个消息感到惊慌和悲伤。,3
经济上不依靠别人，军事上政治上才会有力量。,3
千方百计增加农民收入，开拓农村市场，才会进一步拉动整个经济增长。,3
经过自己刻苦钻研出来的，才一辈子也忘不了。,3
共产党来了，才不愁吃不愁穿，好好地过我的晚年。,3
声明说，捍卫不干涉和自决权的原则，墨西哥的呼声才可能是拉丁美洲各国人民的真正呼声。,3
真正走向大众，找到干预社会生活的途径，哲学才会有生命力。,3
一个政党，成为高度制度化、组织化的现代政党，才可执政好、治理好一个国家。,3
下定决心，做耐心的艰苦的调查研究工作，遇到一件事情，多方面打听打听，写出来的东西才会对头。,3
他说，这样，“他才会同这个国家的新领导合作”。,3
本民族音乐艺术大发展，为本国人民所喜爱，并为世界音乐的总宝库增加了财富的人，才值得人们尊敬，这难道有什么疑问吗？,3
当反对派首领们向全世界丢了脸的时候，这样做，也这样做，才可以摧毁反对派。,3
但是到了现代无产阶级登上历史舞台以后，这种历史的辩证法，才从盲目的支配力量变成为先进阶级自觉地运用来改造世界的强大武器。,3
这样，我们的社会主义事业才会蒸蒸日上，道路越来越宽广。,3
在陪伴的基础上，父母的嘉言懿行才会起到榜样的作用。,3
真正与人民为敌的康生及其同伙林彪、“四人帮”，才会把他们所推行的貌似前进、实际上只能是把社会拉向后退的极左的政策，奉为正确的政策。,3
抓住主要矛盾，才会收到良好的效果。,3
一九六五年冬天，哈米拉的母亲和兄、嫂都病了，能出门的当时才十三岁的哈米拉。,3
通过这件事，我更坚定一个信念：多为百姓做好事，做实事，在突发事件面前，老百姓才可能帮助我们。,3
如此，用现代新风取代传统陋俗的日子才会早日到来！,3
福秋、黑丑的转变同和好在矛盾充分展开的时候才会自然和动人。,3
枫桥公社有一个统计：一九七一年到一九七八年百分之七十八到百分之九十一的四类分子都参加力所能及的劳动，丧失了劳动力的四类分子才不参加劳动。,3
一个懦夫和恶汉才会向手无寸铁的战俘们动手屠杀。,3
而这决定全党立即实行起来才会生效力的。,3
须知美帝国主义在它的侵略面目完全暴露，在它的侵略政策遭到全世界人民的坚决反对而陷于完全孤立，并且用任何方法也挽救不了它的失败的时候，才会稍稍收敛一下强盗气焰。,3
等到出现了这样的局势，或者美帝国主义这一罪恶图谋有了实现的保证之后，美国才可以考虑撤兵的问题。,3
当我已经视昔日的敌人为朋友时，我才会揭露这种卑恶行为。,3
将有中立国配合行动三、反共青年不听解释，才会促进大韩民国政府发动国力的机会迅速到来。,3
在年轻人看来，摇动电话、告诉话务员要接通的地方或人、连线通话，这种通信方式似乎影视作品里才会出现。,3
这样，侨务工作才会越做越好。,3
他常说：“群众感到需要怎样作以后，作起来才会收到真正的效果。,3
老皇帝一眼把人看错，或新皇帝有个发展变化（人是可以变的），“社稷”就倒霉了，等这个皇帝死掉，换上另一个皇帝，才可能有转机。,3
在室内才可能做到最大限度的集中精力，热烈气氛，浓缩感情。,3
在特殊的时间和空间，国家才可以采取直接控制的形式。,3
本来在以较大的时空领域为研究对象以至于可以忽略基本粒子的内部结构时，才可以把基本粒子看作数学的点（注五）。,3
当电视介入了最广大的普通观众的现实生活，我们的社会才会形成真正的电视文化，而仅有消闲娱乐功能的电视至多只是娱乐文化的一部分，却无法涵盖内容丰富的现代电视文化。,3
企业经常向职工进行正确的思想观念，提出新的目标任务，使职工保持积极的危机感教育，才会有活力。,3
在理念的基础上，往实践的方向更进一步，时间才会给我们留一扇门。,3
阳春四月，中原才会出现这种风的走势的，整个一股来势很猛，像是从大地深处冒出的一股阳气向高天垂直地吹拂上去，大约在300米或更高些的天空又猛地改向舒卷着流向远方。,3
他说：“大救星毛主席教导下的运动员，才会进山来为咱牧民们表演啊！,3
传统的艺术，大众喜闻乐见的艺术才允许拼凑、模仿、因袭和师承，因为传统就是在因袭和继承中落脚喘息的。,3
干出实事，求得实效，社会的物质生产和精神生产才会不断向前发展。,3
那些欠发达地区，比如洛阳、宜宾等，动用大量银行资金进行基础设施建设和房地产开发，在市区建豪华的人民广场和高档写字楼、公寓，却并没有消费能力，这些地区才会存在严重金融风险和泡沫。,3
以求真的态度做踏实的工作，保护环境，走可持续发展之路才不会成为一句空话。,3
发展组织和“只是满足社员群众的供销要求”不仅不矛盾，而且是一致的；也首先发展了组织，才可以实现“为社员服务”的业务方针。,3
采访中，一位执行法官说得好：“形成‘老赖’人人喊打的社会氛围，‘老赖’才会真的绝迹。,3
看来，苏联仍然坚持其“联系”原则，即在严格遵守反弹道导弹条约的前提下，苏联才同意达成削减战略武器条约，其目的是想压美国取消“星球大战”计划。,3
教育越办越好，各方面拿钱办教育的积极性才会越来越高。,3
可我国登记献骨髓的人2万人，实际上需要10万人以上才可能建立生命保障机制。,3
而这种感情，也像他们这些长时间从事水利建设的工程技术人员才会体会得那样深切。,3
仿佛生态保护、生态重建政府才关心，老百姓两眼只会盯着门前的一亩三分地，老百姓难道就真的不关心身后的这片土地了吗？,3
评论强调说，对南斯拉夫人民真正关心的苏联人对南斯拉夫居民的困难深深同情，丧失良心的诬蔑者才会颠倒黑白。,3
而在把这头几个问题加以讨论并解决以后，才可能和平解决远东问题。,3
列宁说：“社会主义才可能广泛推行和真正支配根据科学原则进行的产品的社会生产和分配，以便使所有劳动者过最美好的、最幸福的生活。,3
到底能拿多少枚金牌，人们似乎也不那么关注了，参加某些竞猜活动的人，才会仔细算算金牌账。,3
明确地指出美帝国主义是和平的敌人，才不至于导致各国人民迷失斗争的方向。,3
有的教师也认为，学生识字多，自己脸上才光彩。,3
他说，洪森及其金边政权的同伙不是作为所谓的“柬埔寨人民共和国”的代表时，他才同意在雅加达会见他们。,3
这些协定的出发点是拒绝集体安全的原则，使一些欧洲国家同另外一些欧洲国家处于对立状态，挑拨欧洲国家之间的矛盾，以及继续军备竞赛，新侵略和新战争的计划才会如此做。,3
任何食物放在猴子们面前，猴王不先动，哪个猴子都不敢动，等猴王享用完了，众猴们才一拥而上吃将起来。,3
在所有努力均告失败，而有关的公司又面临履行合同的最后限期时，我们才决定采取这个最低限度所必需的行动，以维护联合王国的利益”。,3
任何美丽的形式如果脱离开生活，将会空虚乏味；结合生活才会鲜明生动，为了满足群众多方面的欣赏爱好，也需要在继续深入生活的基础上，增加更多的品种，创造更多的风格。,3
根本的质变，用革命手段推翻资本主义奴役制度才创造了建设新世界的可能。,3
依靠群众，开门整风，反骄才反得准，反得彻底。,3
为人民服务是我们党的根本宗旨，不断改善人民的生产、生活条件，提高人民的物质生活和文化生活水平，才会极大地调动广大人民的积极性，加快我国社会主义现代化的进程。,3
你对它有了感情，你才会爱它，把自己的心血灌注于内，和它同呼吸共命运，为它“废寝忘食”，为它“受尽风霜雨露”。,3
但是，在他们不断受到伟大的毛泽东思想的哺育，用毛泽东思想武装自己以后，阶级觉悟才发生了质的飞跃，成为一个自觉地为共产主义事业奋斗的无产阶级先锋战士。,3
我们团结了，才会有任何敌人都不可战胜的无敌力量。,3
长庆公社正东大队第五生产队是个16户、70来亩耕地的山区小队，社员平均口粮才400来斤，劳动工值一天只够换一包常德烟。,3
但是，科桑代法官说，这笔巨款不会马上归还，在菲律宾司法当局明确了这笔巨款的用向之后，瑞士银行才会把它归还给菲律宾。,3
韦蕙莲激动得连连说：“这种事在中国才会发生！,3
叶冲表示，社会赛事呈现繁盛之势，对击剑选手来说是一件好事，“实战对于选手能力和经验的提升至关重要，在比赛中多经历，才会少一些一剑之差的遗憾。,3
美国国务卿舒尔茨表示，以色列、约旦和巴勒斯坦立即进行直接谈判，美国才会同意召开中东和平国际会议。,3
稳定，中国才会对世界和平作出贡献。,3
他们说，红军才会徒步走过连牦牛也不敢走的沼泽地。,3
亚洲妇女代表会议确认：帝国主义在亚洲的完全失败，连带他们的走狗亚洲反动政府的失败，亚洲被压迫的人民和妇女，才可以获得他们的权利。,3
还有人认为，发展说话的杂技才可以使它具有为政治服务的强烈作用，其说不一，认识是极其纷繁的。,3
最近又有一件使我感动的事，这在今天毛主席领导的人民时代里才会有的：我的家从爪哇寄来一本关于医学的参考书。,3
但科学家同时发现，在这些缺少MAOA的儿童中，接受不良教育的儿童在成人后才会出现极端的反社会行为，而在适宜的家教下孩子并没有出现反常行为。,3
在这两万名烈士的面前，也在他们面前，我们才会跪下来，为了像我们无敌的卡米洛·西恩富戈斯少校说过的那样对他们说“革命已经实现了”。,3
切实关心和解决群众的具体问题，群众才会真正拥护我们。,3
这一集体才为农村的机械化、电气化以及将来消灭城乡差别提供了可能。,3
此时列宁就告诫全党：“世界上我们这样的执政党，即革命工人阶级的党，才不追求党员数量的增加，而注意党员质量的提高……”“宁肯少些，但要好些。,3
难道这样组织起来的结构，才叫做社会主义社会？,3
同样在我国首都北京和各地演出过朝鲜话剧《红色宣传员》之后，如今又由中央歌剧舞剧院演出舞剧《红旗》，这样密切的艺术交流是在我们这样交深谊重的兄弟国家才可以看得见的。,3
但今天，西藏太阳能的利用才变成了现实。,3
严如湛坚持说：“全家都去，同社员一道参加劳动、参加分配，社员才会相信我是全心全意和他们一道搞好生产的。,3
西部的同志必须作好充分的思想准备和工作准备，随时准备应对各种开发之需，这样，项目到了家门口，才不至于出现由于准备不足、工作不实而措手不及，手忙脚乱。,3
以真正平等的态度对待群众，在思想上同群众见面，使群众感到你的心是交给他们的，群众才会把你看成是自己的代表，愿意把自己的愿望、要求和意见反映给你，讲出知心话，和你心贴心。,3
应当看到，文字和由文字组成的文学，其本身也在扩大和变异，决不能说印在书刊上的作品才叫文学，通过其它媒介来表现的文学就不叫文学。,3
说白了，似乎中国贫弱落后才会让某些人放心。,3
斯大林同志说：“在马克思主义理论上完全无知，丝毫不懂语言的本性，才会使得我们某些同志说出什么社会分裂，“阶级的”语言，“阶级的”文法等类荒唐话。,3
这样，我们的革命工作、组织工作才可能打开新局面。,3
特别是对欧洲人来说，去中国才会看到一个他们从电视上不可能了解到的真实中国。,3
如果领导关注、过问了的事情才去解决，领导没过问或关注不到的就不去管，那问题岂不会越积越多，有些问题甚至可能永远也解决不了。,3
考试在人们绞尽脑汁的艰难思索中进行着，虽然四个题目，可是进行很慢，整整考了一个上午，十八个代表才勉强缴了卷。,3
我们坚信，把帝国主义消灭掉，我们在这里所谴责的暴行才会停止发生。,3
日本政府1月25日发表“结构改革和经济财政的中期展望”强调，处理不良债权、进行规制改革和财政改革等结构改革，经济才可能获得再生。,3
旧货市场上实在买不到适用的，他们才去光顾南京路上的五金商店。,3
因为每个家庭在认为自己的孩子可以健康成长以后，才会决定少生孩子。,3
在碰了硬钉子之后，你才会恍然大悟：原来这使不得！,3
例如土默特左旗的万家沟灌区，原来一条骨干渠道，灌溉面积才两万亩。,3
跟着毛主席走社会主义道路，我们的日子才会越过越甜。,3
敢抓敢管、敢于负责，敢于攻坚克难，敢啃硬骨头，才会不计个人得失，不怕得罪人，直面困难和问题，说真话、实话和管用的话。,3
坚持人民的武装斗争，才可以取得自己的解放。,3
在这种情况下，全民办电，即除了电力部门积极办电之外，大家都来办电，电力不足的情况才可望缓和。,3
在这种情况下，被取消候补党员资格的证书，在党的州委会、边疆区委会、加盟共和国共产党中央委员会批准后，才可收回。,3
也许当在技术标准安全等问题上取得新的突破之后，物联网的发展才会进入真正的爆发阶段。,3
在下述情况下先期释放，才不算变更判决书，而是变更其执行的方式，即这种执行方式是司法当局及判决执行人所依据法令所规定的。,3
得了这种病，药物疗效等于零，回到空气湿润的南方才好些。,3
这样，才可能冲垮“大而全、小而全”的框架和模式，在严酷的市场竞争中，优质高效地壮大我们的经济实力。,3
我认为，敦煌抓住旅游服务和绿色产业这两个重点，尽量缩小城市规模，才可能将城市建设得更加美好。,3
就我国情况说，在他们看来，到今天，作为阶级的剥削阶级才不再存在了。,3
主要原因是某些农民加入了高级农业生产合作社以后，认为土地不分红了，多投入劳动力，才可以多得工资分。,3
产品的体积虽然这样大，今年十一个月却完成了十一台；而去年和前年做的圆筒干燥机，一个齿轮三吨重，两年总共才做了九台。,3
这样，我们在大是大非的问题上才不会犯错误。,3
相反，坚持按劳分配，多劳多得，才会鼓励先进更先进，后进赶先进，共同创造越来越多的社会财富，来消灭贫困现象。,3
解决了这个问题，才可能有真正的社会主义的文学艺术。,3
长之的文章又说，电影中是“批判了武训兴学的革命意义之限制性，让人觉得二者合起来，再加上正确的领导，革命才可以成功，像中国今天这样子”。,3
公共政策是为规范、指导各种社会组织和个人行为而制定的，公开公共政策的内容，让受公共政策规范、指导的所有社会组织和个人知道某项具体的公共政策，才可能受到它的规范和指导，发挥公共政策的效用。,3
在实践中得到新的知识和启示，才可能解决好各种新问题。,3
在两种情况下，一个干部才会被解除职务：一种是逝世了，一种是犯了错误（或者被认为是犯了错误）。,3
可是，在革命者的身上，它才发出了崭新的强烈的光辉。,3
不折不扣地落实党的政策，农业生产才会突飞猛进。,3
在本国政府没有作出判断的情况下，法院才可行使裁量权。,3
知识分子跟工人、农民正确地结合，才会有无攻不克、无坚不摧的力量。,3
这样做才会有助于扭转核军备竞赛的危险趋势，减少核战争的威胁。,3
他指出，叙利亚一贯认为，阿拉伯和联合国的有关决议得以实施，阿拉伯和国际社会的努力才可把伊拉克从困境中解脱出来。,3
但共同的欧洲货币在欧共体各国的经济接近之后才会出现。,3
但是，在科学家确信这种飞行无损于宇宙航行员的健康的时候，才会实现这种飞行。,3
那些对自己观点的正确性没有把握、对自己的制度没有信心的人，才不接受我们的和平竞赛的挑战。,3
到了那曲镇，又听说海拔5000米的冷底乡才可能下大雪，剧组又立即开赴冷底乡。,3
盖斯说，美国和英国停止对巴勒斯坦领土上的犹太复国主义分子的支持，解除对伊拉克的封锁和撤出阿拉伯半岛，“风暴才会停止”。,3
在那里，一本书一版平常两千册，三版也才六千册；但是根据地的干部，单是在延安能看书的就有一万多。,3
他认为古典诗词中，“有我之境”多，有才华的诗人方能写出“无我之境”。,3
可是因为至今唯一的法文论文可查考，既缺乏其它证明，又找不到中文原著，为了审慎起见，暂时还只能视为待考的问题，待多方面搜寻资料之后，才好最后解决。,3
马克思主义不是教条，正确运用于实践并在实践中不断发展才具有强大的生命力。,3
好言规劝，你们是听不进去的；当你们感到再拖下去就要大倒其霉的时候，才会有所收敛。,3
企业的投资者，老板才会考虑企业20年甚至100年的发展。,3
他说，苏联所说的“缓和与和平”就是巩固它对东欧和中欧的统治，而且谋求对西欧和其它大陆行使政治霸权，懂得这一点，才好理解莫斯科为什么对这一东亚的和平条约进行这么起劲的抨击。,3
《条例》指出，武夷山作为世界双遗产地，保护是第一位的，在充分保护的前提下，才可以进行科学合理的开发、建设和利用，必要时甚至应该对游客数量进行限制。,3
对此，单一物质化的产品、建筑、景观等设计已经难以奏效，从系统的角度进行整合设计，才可能真正解决问题。,3
在阿富汗的整个历史中，在帝国主义国家干涉其内政时，阿富汗人民当中才发生分裂。,3
“干部们到村头、下地头、拿锄头，与群众同坐一条板凳，才会丢掉‘官气’，承接‘地气’，聚集‘人气’。,3
斯大林指出：“在这种条件下，才可以认为我们的祖国有了免于意外袭击的保证。,3
就一个地区或全国而言，当大部分农业劳动力稳定地转入二、三产业后，才具备了推进规模经营的起步条件。,3
严格把好质量关，接受市场挑战，出版事业才会有繁荣发展的辉煌前景。,3
我们的民族解放斗争在美国停止侵略，在上述一九七○年三月二十三日声明和柬埔寨民族统一阵线政治纲领所确定的条件下才会结束。,3
这样办，群众干劲才会越来越大，建设速度不仅不会慢，反而会更快。,3
跨学科的融会贯通，才可以让年轻人开阔视野，跳出自己的专业。,3
快喝吧，小鹿，这是梅溪，你看它多清多亮呀，梅阿姨的眼睛才……”我突然停住了。,3
病人信任你，才会愿意购买你的服务。,3
把洞庭湖、洪湖、鄱阳湖等大型湖泊的蓄水能力充分挖掘出来，再加上三峡工程的蓄水能力，才可能从根本上改变长江中游年年汛期告急的被动局面。,3
列宁在《共产主义运动中的“左派”幼稚病》一书中曾经正确地指出，千百万人的习惯势力是最可怕的势力，无产阶级专政和无产阶级政党的铁的纪律，才为战胜这种最可怕的势力创造了必要的条件。,3
确实已经不能耕作的老牛和残牛，才可以卖给食品公司或者屠商宰杀。,3
因为在对历史事件的理解、同情、想象和体验中，历史知识才会成为对于我们的生活有意义的知识。,3
报告预计，明年上半年，该组织国家的经济将仍然十分疲弱，增长幅度将0．7％，下半年才会有明显的好转，增幅可达到2．9％，全年的增长率将与今年持平。,3
折旧费，按它的用途来说，放在公积金里才合适。,3
这个法的一个原则是建立在平等互利的基础上，这很重要，这样，才好合作。,3
真正懂得了这些道理，在碰到各项具体问题时，才不会迷失方向，左右摇摆。,3
厂长伍寿椿对记者说：“我们干的是工业活，吃的是农业饭，维护农民的利益，才会有我们工厂的效益。,3
看到过她演唱的人，才会感觉得到那一词一字里的真情所在。,3
在好的环境里才好分兵游击，领导者也不如在恶劣环境时的刻不能离。,3
关于巴政府会采取何种反应的问题，巴外交部发表声明说，巴政府在“技术上需要时”才会进行导弹试射。,3
这是事先谁也难以预料的，自己亲身经历了才会知道。,3
稳定地发展，才会产生根本性的变化，事情就怕变来变去。,3
建筑是在民族传统的基础上不断地发展变化着的，在我们被侵略，被当作半殖民地的时代，我们的城市才会有各式各样的硬搬进来的‘洋式’建筑。,3
但是应当看到，马克思主义才从根本上对人类社会历史的发展作出了真正科学的解释。,3
这生活在新中国的人民才会体会到的。,3
专业化的演出场所，如果孤零零地各处一地，效应并不明显，形成演艺区，统一规划，集中优势，才可以发挥最大的能量。,3
农民掌握了节水科技，尝到节水甜头后，节水的积极性才会迸发出来。,3
统治人民的反动集团和反革命集团，帝国主义和苏联修正主义的盲从工具，才否认中华人民共和国经济援助的友好、无私和国际主义精神。,3
在解放了的今天，杂技艺人和他们卓越的技术才受到了应有的重视与保障。,3
但是作者在许多地方却回避了这种冲突，宁愿用“为什么不好好干活，可对不起自己，对不起大家啊”这一类缺乏个性的话，来代替他们之间才可能有的争辩，来代替两种性格，两种人生观之间的真正的冲突。,3
据此认为，商标经核准注册后才受法律保护，未注册商标不受法律保护或者至少在商标法上找不到明确的保护依据。,3
一个小小的村子，放在中国历史的长河中，也许只是微不足道的水滴，却也折射着纯粹而独特的光芒，在文化的传承与发展中应有它们的一席之地，它们才可以提醒我们敬天爱人、乐天知命。,3
信中说：中国的无产阶级文化大革命，是当代最伟大的革命，十月革命和中国革命本身才可与之比拟。,3
一位了解沙漠脾气的人告诉我们，沙坡被烈日暴晒数日，才会产生出鸣声，而我们运气不佳，刚赶上一场小雨，石英沙们没有兴致歌唱。,3
人们普遍认为，DVD产品的价格降到2000元以下时，才会获得大的发展。,3
细细体味，慢慢品尝，才会有“不要人夸颜色好”的沁人肺腑之香。,3
违反了这些规定，才可能构成本罪。,3
那时，总铺乡零落的几个小企业，把砸石子的工人都算上，务工的人员也不足三百人，工业收入人均才几元，还不如养一只老母鸡。,3
新西兰也允许留学生打工，但读专业课程的学生才可以每周打工15小时，并且必须事先申请“更改签证条件”。,3
并且我们的胜利在伟大的苏联和中华人民共和国为首的民主国家人民的积极支持和援助下才可能得到的，这一国际主义的援助成了保障我们胜利的重要因素之一。,3
一位参加了听证会的学生家长说：“我们充分表达了意见，参与其间，立出来的法律才会代表学生的利益。,3
冯女士总结说，这就是沟通，在沟通时充分表现出对孩子的尊重，孩子才会更加尊重家长，并与家长更加有效地互动和交流。,3
尤其令人奇怪的是，按照苏联领导人和苏联报刊看来，似乎苏联参加了亚非会议，亚非运动同社会主义国家和国际工人运动才不会“隔绝”。,3
按照海南岛的气候来说，冬季最冷的1月份，全区各地平均温度很少到摄氏10度以下的；而夏季最热的7月份，平均温度也很少有超过34度的，临高和琼山两县的绝对最高温度，才到过41度上下。,3
（全场活跃）这种“发明”神话和侦探小说的爱好者才会相信，而任何一个严肃认真的人是不会相信的。,3
对生活长期的观察，熟悉群众的生活，洞悉了其本质的东西以后，才可能准确地反映生活，描绘生活的真实。,3
关于是否影响台湾产业出口，台湾机械工业同业公会理事长柯拔希对外表示，新台币贬值使出口稍见曙光，但仍杯水车薪的效果，贬破1美元对34元新台币才会开始有感。,3
由于中国青年队与泰国青年队净胜球数相等，9日晚中国青年队战胜泰国青年队，才可出线。,3
这样，才会保证投资者的投资行为是公正的，其责任将由投资者自身来负，不存在欺骗的问题，过热的炒作也会得以抑制。,3
男性才可以加入这个秘密的帮会组织；并且要绝对保守该组织的秘密；由于它成立至今六十多年仅公开发表过五次公报，因此它极少为人所知。,3
认识上取得飞跃，才可望在作品中实现突破。,3
靠集体富起来，富了又更加热爱集体，巩固和发展集体，我们的道路才会越走越宽广。,3
浙江临海县项义品渔业生产合作社红头对船的春汛单位产量平均达一万零二百多斤，当地渔民互助组的平均产量九千三百多斤，单干渔民才七千五百多斤。,3
交通发展了，尤其是作为交通运输骨干的铁路发展了，才可能实现市场的扩张和流通的产业化。,3
我国少儿艺术团首次参加便受到热烈欢迎，艺术团的17位小演员都是来自西藏自治区各地的小学生，年龄最大的13岁，最小的才10岁。,3
信上说：“我深深体会到毛主席和共产党的领导，才会有这样为人民服务的店员”。,3
无论是国有股还是流通股，股权流动才会体现股份制价值，这意味着今后国有股可能由静态进入动态。,3
他在机场举行的记者招待会上说，洪森提出的西哈努克参加雅加达会议，他才与会的借口是站不住脚的。,3
苏维埃制度解决了社会主义革命最困难的任务之一：用兄弟般友谊的纽带把我国各民族联结起来，显示了在社会主义社会条件下才可能彻底和公正地解决民族问题的唯一正确的范例。,3
也有人说，马教练不过在迷惑对手，到底谁上阵，比赛时才可见分晓。,3
每个文艺工作者全身心地深入生活、深入到群众中去，才会发现和撷取生活中的真善美，自觉抵制拜金主义、享乐主义和极端个人主义的侵袭。,3
建设局仇方域北京建设局工程总队工会代表仇方域说：彭真同志在会上再三地告诉我们，工会工作的中心任务就是生产；这样，工会工作才会有丰富的内容。,3
经过几天剧烈的思想斗争之后，我开始认识在这个伟大的时代中，把个人的一切贡献给人民解放事业，人生才具有真实的意义。,3
如同盖房子一样，必须从打地基开始，每一个村都发展了，才会有一个乡、一个县乃至一个地区经济的健康发展。,3
谭盾说，你觉得自己是米开朗基罗，或者自己就是贝多芬，这样，才可以成功。,3
评论指出，南斯拉夫在柬埔寨问题上的言行是“光明磊落的”，“那些害怕真理的人，才会隐瞒自己和别人的真相”。,3
领导干部把经济建设放在首位，大力发展生产力，不断增加群众收入，提高群众的生活水平，才会让群众满意。,3
排除技术上的不完善因素，理想的印章系统得到授权才可制作，任何人不可仿造。,3
政府不包办，企业才会不依赖。,3
人们的出行观念和遵守交通秩序的意识提高了，一个城市的交通才会有秩序可言。,3
共产党才关心我们瑶山人！,3
在我们的时代里，现代最先进的力量——工人阶级及其政党才切实地关心到为了整个社会的利益而来发现并自觉地利用社会发展底客观经济法则。,3
一切被压迫民族，和无产阶级的命运联系起来，在一切被压迫阶级获得解放以后，自己才会获得解放。,3
因为道德的根本范畴“善”所关照的首先是个人良心的安宁，良心的安宁，才可以有健康的心理。,3
在对待坚持反共立场的阎锡山和国民党反共顽固派的斗争中，我党始终以抗日大局为重，团结他们一致对敌；在他们主动向我进攻，不断制造磨擦事件的情况下，我们才不得不进行自卫还击。,3
直到他们为日商生产的柴油机曲轴合格率25%时，才从日商口中得知，失败的原因仅仅是由于翻砂铸件没有采用镇江铸造焦。,3
在作者活泼天真的叙述中，渗透着被淡化了的惘然与凄楚，以及那个时代才可能的、归根结蒂是由人自己制造的痛苦或无奈。,3
我们自己把问题解决了、把基础制度建设好了，外资才会进来并发挥积极作用。,3
同时，任何好的措施、计划、方案，在得到广大群众支持的情况下，才可能完满实现，如果用包办代替和命令主义的方法去推行，就必然得不到群众的援助、支持，而归于失败。,3
新疆在祖国的怀抱中，在社会主义道路上，才会有幸福美好的今天和未来。,3
滥用抗生素就会给人的健康带来危害，这不仅是患者要面对的，也是医生要面对的问题，因为慎用抗生素，它才会造福于人类。,3
向群众要东西非强迫不可，拿东西给群众才不必强迫。,3
穆沙拉夫说，印度率先采取行动，印巴两国间才可能爆发战争。,3
事实证明，他们在彻底坦白以后，才可能安下心来。,3
我们学习了总路线后，更加明确了工人阶级和广大农民巩固地团结起来，搞好工农业生产，美好的社会主义社会才会早日到来。,3
我们赞同声明中的如下观点，即全面政治解决柬埔寨问题，柬埔寨才会有持久、稳定的和平。,3
说来也怪，在她出走之后，他这做丈夫和父亲的人，才充分地领略了这一切遗传上的惟妙惟肖之处。,3
减税的幅度大于公共开支压缩的幅度，减税政策才会有积极的效果。,3
抓得早，才会抓得好。,3
这时候，在这时候，我才体会到母亲所说的“巴不得一天到晚磨不停”这句话里，含有多深的意蕴！,3
积将近一个世纪的经验，懂得一个真理，社会主义才可以救11亿人民的中国。,3
在我们这样的时代里，才会有这种阶级感情。,3
（长时间的鼓掌）像某一个发了疯的部长那样的蠢材，才会沉溺于这样疯狂的计划，即：恫吓苏联并宣传各种各样的侵略计划来迷惑他们的人民。,3
至于“灵活性偏好”，凯恩斯把它说成是人的自然倾向，认为人们总喜欢保持随时可以使用的现金货币，在利息的引诱之下，才会放弃它。,3
这样，人们才会对消费该领域的产品有信心。,3
民族的生存和荣誉，靠自己民族的头颅和鲜血才可保持……”当是对浴血抗战下的最恰当的注脚。,3
他们总是习惯地认为生产产品“硬件”的体力劳动，才创造财富，而把技术、决策、管理等脑力劳动与体力劳动对立起来，并把对企业起主导作用的“软件”劳动成分排斥在价值创造之外。,3
也就是说，一个人要认识事物，亲身参加实际斗争，才会触及事物的现象，从而透过现象，抓住本质，理解它们。,3
作为党的干部，将自己打造成热爱海洋、读懂海洋队伍中的一员，才可能在建设海洋强国进程中贡献一己之力。,3
与中国团结在一起，才可能真正争取到世界和平。,3
每天阳光普照，雪白的盐巴才会迅速并源源不断地加工出来。,3
同样道理，我们要理解、实践这一理论，也必须首先经历世界观和思维方式的转变，破除了原则优先的思维方式，从现实的实践发展出发，才可能把握马克思主义的真谛。,3
企业经常向职工进行正确的思想观念，提出新的目标任务，使职工保持积极的危机感教育，才会有活力。,3
敌人四个半旅，我们四个半连，真正能投入战斗的才二百多人……”万团长在窑洞门口向周副主席招手，把他叫出门外，悄悄地说：“各大队都在等着出发的命令。,3
现在我们感到听上政府的话永没错，提高技术才会多打粮食。,3
中国女排进一步提高攻击力，特别是加强防守和保护能力，才会在奥运会的决赛中取得新成绩。,3
轮机长文昌亮接着说：“我们这条船，损坏这么严重，在台湾修理至少要花三十多万元台币，现在修理费全部由你们承担，祖国政府才会给我们这么大的帮助。,3
作家王蒙说，“行万里路”是一种活的阅读，在旅行中的所感所悟，是对世界的一种解读，有些知识和体会，亲历之后才会更加完整。,3
这位旅客感慨地说：“这样的事情在我们伟大的社会主义祖国才会发生！,3
正如马克思所说的：“人类始终只提出自己能够解决的任务，因为只要仔细考察就可以发现，任务本身，在解决它的物质条件已经存在或者至少是在形成过程中的时候，才会产生。,3
该队领队金钟万向新闻界透露，朝鲜队队员平均年龄20岁，是为2004年雅典奥运会做准备的国奥队预备阵容，且一个月前才刚刚组织起来。,3
清楚这一点，才会明白真正的政绩都是以人民为中心的。,3
换言之，你所开发的产品和其市场还没有足够的利润和控制力，微软才会放心地让你生存下去，否则倒闭或者被收购两种结局。,3
但这位官员接着又辩解说，当其他国家同意取消贸易壁垒时美国才会这样做，美国不会单方面解除武装。,3
她说，“记住不光彩的过去，才可能有最美好的未来。,3
这样，西藏人民才会有真正的基本人权、真正的公民自由和宗教自由。,3
怀揣敬畏之心，迎接寺库时代“小时候，到过年的时候才会添置一件新衣服。,3
在反修斗争中，以毛泽东思想为指导思想，才会有真正的马克思列宁主义的立场。,3
有着数千年灿烂文化的民族，善于吸取人类创造的全部文明成果、为新的世界观武装起来的先进政党，才可能孕育出这种文明的典范。,3
许多干部和社员反映，这样大力拨乱反正，农业生产搞上去才大有希望。,3
社会发生了天翻地覆的变化，才会有赖以社会而生存的人的自我发展。,3
老老实实接受改造，才会有光明的前途。,3
在文艺创作中，正确处理典型环境和典型性格的关系，无产阶级英雄形象才会高大、丰满。,3
消灭不合理的运输，铁路部门才可能有较充分的运输能力来有计划地均衡地完成更多的运输任务。,3
很显然，如果是虚心假意，根本就谈不上“支持”两字；真情实意，才会作出真实有力的支持。,3
以后在关键时刻把它们通通“卖弄”出去时，看着老外瞪大眼睛夸你的英语好时，那刻甜甜的满足感自己才会品尝到！,3
最近，爱沙尼亚共和国商业部副部长在《爱沙尼亚共产党人》杂志上发表的文章供认，共和国直属的城市才供应一点新鲜的和盐腌的白菜，其他地方根本买不到。,3
实现了民生的跨越，我们所有的跨越才变得更加真实、更有意义。,3
而此前“三千宠爱在一身”的“海归”派，如若没有实际经验，现在同样也会被打入冷宫；那些既熟悉海外IT前沿动态，又具实际操作能力者，才会集幸邀宠。,3
因此，从两次的失败中，我们深刻地体会到：真正的大胆必须以细心为基础；同时在大胆精神的指导下，才会有真正的细心，而细心的目的又是为了更大胆地进行工作。,3
他指出：对工商业不要采取冒险政策，就是地主富农经营的工商业，也不应当没收，这样才会促进解放区经济的发展。,3
尽早向外界通报，才不至于错过最佳抢救时机。,3
作为一名基层党员干部，必须旗帜鲜明、立场坚定，心里时刻装着群众，通过心与心的交流，实实在在为群众服务，老百姓才会心甘情愿跟党走。,3
大家认为劳力固定，小队才可能把劳动力科学地加以使用。,3
我过去认为，自己是一个工人出身的干部，少劳动点关系不大，这种想法是不对的，坚持参加劳动，汗和工人流在一起，心才会和工人贴在一起，永远保持工人阶级的本色，当好人民的勤务员。,3
他说：“海洋地物的地位与领土主权和海域划界密切相关，而仲裁庭没有认识到南海问题的根本性争议是主权问题，对南海海洋地物地位的判定，在相关主权问题解决后才可能给予合理的解答。,3
这家报纸强调指出：在得到一切爱好和平的人民支持的越南南方民族解放运动采取行动强迫之下，帝国主义才会停止屠杀。,3
这样，“日内瓦精神”才会成为具体的现实，成为一个事实而不仅是一个希望。,3
他们明白研究风险，及早曲突徙薪，风险才可能减少到最低程度。,3
在书店中，读者才会与好书不期而遇，进入一个真正属于阅读的空间。,3
也密切关心新芽的人，才会更锐敏地感受到春天的气息和春天的欢乐。,3
苏联人民才不怕困难，辛苦经营，改善航道。,3
新制度经济学认为制度创新是为了使市场经济更有效地运行，在制度创新的收益大于创新成本时，制度创新才会进行。,3
由于传统思想观念、传统经济模式的束缚和影响，改革中的新事物在解放思想的前提下才可能发展起来。,3
白宫一位发言人在宣读这项声明时说，当南非符合了美国全面反种族歧视法中的条件时，美国才会中止或减轻对它的经济制裁。,3
欧佩克专家小组同时又认为，得到英、挪等产油国的合作，油价才可望回升至每桶二十至二十五美元。,3
当然，傻瓜才会多此一举地前往美国使馆“打听”，因为驻老挝的美国大使馆早已抢在富马之先宣布：十一日“美国飞机没有在老挝上空飞行”。,3
他表示，在以色列军队立刻从所有被占领的领土撤到一九六七年六月五日前的界线的基础上，埃及才准备接受停火。,3
（潘治）电磁波激发物质超导特性一般超导材料在其温度降低到自身的超导临界温度以下，才会呈现超导状态。,3
但她强调，在巴以双方听取了她的建议，并作出相应的决定后，她才会在适当的时候再次访问巴勒斯坦和以色列，为推动巴以和谈继续进行斡旋。,3
这样，才利于党的事业发展，也利于个人进步。,3
在13日听取了5个申办城市的陈述报告后，他们才会作出最后决定。,3
在毛泽东思想的基础上，各自多作自我批评，才会在思想上越来越接近。,3
这种对普通人的关心，在我们这样的国家里，才可以想象到的。,3
所谓“直扑真理，不要东张西望”，凡有大成就者，无不早早立大志，而后一门深入，苦心经营，久久为功；从事科研也好，做企业也好，心无旁骛，才可能做到最好。,3
这样，眼睛才会向着广大群众，向着现有的物质技术条件，就会去发挥“穷棒子”精神，把一切积极因素调动起来，带领群众打开一个局面来。,3
常设委员会执行局业已通过如下的决议：第一，提出完全脱离南斯拉夫政府而独立的保证的南斯拉夫代表，才准予出席在罗马召开的世界拥护和平大会常设委员会会议。,3
其实我对这些书籍字画古玩都说不出太多太深的道道，但却懂得，一个人热爱自己民族的文化，让自己时常徜徉在民族文化的积淀当中，他才会热爱自己的祖国，珍惜自己的根。,3
此前，卡尔扎伊已明确表示，大支尔格会议通过的宪法保证总统拥有“真正的权力”，他才会参加明年的大选。,3
走出封闭，克服愚昧和无知，掌握知识和技能，才可消除贫困。,3
关于成立联邦的问题，他说，“等到三片领土全都得到自由的时候”，“那时——而且在那时——我们才会考虑谈判成立联盟的问题。,3
笨蛋和修正主义者才会谈论去打破目前还相对强大的帝国主义堡垒而不去突破帝国主义最薄弱的环节。,3
据俄通社—塔斯社报道，别列佐夫斯基同时指出，在别无选择的情况下，俄罗斯才会首先使用核武器。,3
同样，在和平应用上，雷达网将使飞机和船舶的航行得到最大的安全，将使气候的变化迅速地被人们所掌握，也借助于雷达网的日益完善，星际飞行才会有保障。,3
看，指导员交给李明升一枝枪，表明“整个世界用枪杆子才可能改造。,3
当它们运行到与太阳、地球三者成一直线，也即“冲日”之时，才便于观测。,3
我想，教育学生树立起为革命而学的思想，才会出现生动、活泼、主动地学习的局面。,3
登上天梯，亲身体会，才会有客观的评价。,3
法国议员中比较有远见的人们认识到，邱吉尔所谈到的法国的“孤立”在批准复活西德军国主义、使法国沦于二等国地位的巴黎协定时才会真正形成。,3
这样做是完全必要的，而且一定会有效果的；犹如在我们以中国人民志愿军的武装实力来支援朝鲜人民对美帝国主义侵略的抵抗后，疯狂的侵略者才不敢轻举妄动作进一步侵略我国的尝试。,3
和平解放50年来，西藏经济、政治和社会面貌发生了沧桑巨变，这一不平凡的发展历程揭示了一条真理：在中国共产党的领导下，在祖国大家庭中，走社会主义道路，西藏才会有幸福的今天和更加美好的明天。,3
如像古希腊的艺人多系奴隶出身一样，在旧中国也穷孩子才去学习戏曲。,3
随着体制改革进展，各方面的资金正在以国内需求和国际需求为导向来配置音像产业资源，所以，加紧开发新的空间，创造新的赢利模式，加大软件产业的投资，加快集约化经营步伐，才可以提升音像企业的竞争实力。,3
人民生活幸福、人与人和谐相处，社会才会安定有序。,3
南平市干部关立泉等说：1950年，在南平破获了以“国民党闽赣前线突击司令部政训处”主任卢炳荣为首的阴谋组织，人民莫不拍手称快，万九光之流才会感到“恻隐”，大叫“冤枉”。,3
这样，群众才会满意。,3
黄河上游黄土地区里的水土流失是黄河沙泥的唯一来源，完成这个地区的水土保持工作，才可得到正本清源的结果，否则尽管三门峡水库有极大的库容也要很快给泥沙淤满而失去其效用。,3
不久前，一位考古工作者发现，在朝阳斜射时，人们才可以从附近山头上清楚地看到这些巨画。,3
杜德在其所著《英国的帝国危机》中写道：“英国帝国主义者认为在美国的总的统治和控制之下才可能想法保持英帝国。,3
内行人都知道，再高明的刀手，也剔不净虎骨上的肉，经过长时间的高温水煮，骨头才变得像现在这样光滑。,3
在社会主义制度下，情况才发生了根本变化。,3
善于从别人的“事故”中找问题，查隐患，以别人之“堑”长自己之“智”，未“亡羊”，先“补牢”，才可能一路平安。,3
委员阿旺嘉措（藏族）说：社会主义是使每个人走向光明幸福的道路，疯人才不愿走这条道路。,3
她认为依靠工人阶级和农民阶级，才可能有中国革命的胜利。,3
他看书的时候，要十分小心保持清洁，不发生一点折皱损伤，这样老板才会看不出来。,3
融合了公司战略所要求的方向开展奥运营销活动，才可以体现奥运营销的真正价值。,3
灾区的各种工作，在不妨害而且有利于灾民生产度荒的条件下，才可结合进行。,3
玻利维亚人民抱怨说，他们与美国的锡交易也是这样进行的，在市场价格上涨时，美国规定限价，在价格有下跌趋势时，美国才主张自由买卖。,3
他知道人的健全，社会的发展才可能健全。,3
在1940年它加入苏联以后，经济情况才发生了根本变化。,3
到一九五三年秋天，越南劳动党和越南民主共和国政府派遣群众工作队来到仁和村，在那里进行访贫问苦，才发现这位老人已经有一百二十岁了。,3
因公受伤不能工作的也应享受退休待遇因公受伤不能工作的也应享受退休待遇看了国务院公布的四项规定草案以后，觉得在共产党领导的国家里，工人职员才会得到这样的关怀和照顾。,3
对学生进行这种综合的、立体的、配套的、全方位的思想教育，才可能使学生彻底消除“读书无用”的念头，使他们专心致志地投入学习。,3
在电脑形成高度连接网络的时候才出现了全国性的生产率提高。,3
他说，安南已经表示，伊拉克采取了明确措施，全面恢复与联合国特委会的合作，并认真执行安理会的有关决议，以及在得到安理会支持的情况下，他才会前往伊拉克进行访问。,3
经过讨论，各部门领导干部认识到坚决贯彻以农业为基础，以工业为主导的发展国民经济的总方针，积极支援农业，夺得今年农业丰收，才会把部门工作带动起来。,3
在回忆对比时，广大群众还对比了小农经济和集体经济的不同条件，认识到依靠集体经济，进行有组织有领导的斗争，才为消灭血吸虫病创造了条件。,3
或许，当“城乡结合部”、“乡下人”不再被赋予其他的含义时，我们才可以说，城乡一体化已真正实现。,3
这样，才可能成就一番事业。,3
密歇尔在四月二十二日又决定，交出一百万法郎保释金，阿里·雅塔才可以得到释放。,3
而“共产主义理想”作为人类最崇高、最伟大的理想，在无产阶级登上历史舞台以后才可能产生。,3
也这样一个西贡政权才可能同越南南方共和临时革命政府进行真正的谈判，以实现巴黎协定的各项条款，实现越南南方人民的和平、独立、民主、改善民生和民族和睦的最迫切的愿望。,3
坐落在亚平宁半岛“靴跟”上的马尔蒂纳镇，面积342.9平方公里，人口才6万多，却是塔兰托省的重要城市。,3
将军告诉大家，无论是战争年代还是和平年代，一个政党，一支军队，顺应历史潮流，为民族和国家的利益，为人民大众的利益而努力奋斗，才会永远立于不败之地。,3
一个国家对自己的发展及其国力有更多的自信，在与另一个大国交往过程中，才不会产生无谓的战略焦虑情绪。,3
祸国殃民的‘四人帮’，才不顾人民的死活，滥用职权，花天酒地，吸劳动人民的血。,3
他表示，在“采取单方面行动的任何危险”消除时，美国才会解除戒备状态。,3
相信自己的力量，依靠自己的努力，才会使民族工业逐渐发展起来。,3
毛主席曾经指出：“帝国主义被消灭了，才会有太平。,3
微博是现实的延续，政务微博积极作为的工作状态应成为现实生活中政府部门的工作常态，把百姓满意度作为“试金石”，转作风才不会松一阵、紧一阵。,3
阴险地策划着对中国人民的战争的那些人们，才会反对这一类新的诚实的贸易。,3
严”是解决风气问题的良药，严格才使人意识到必须遵守，严能杜绝屡禁不止的问题。,3
也就是说，抓紧了设计工作这一环，才可以带动全部准备工作顺利前进。,3
苏班德里约还透露，同时还决定，在新加坡作好准备的美国船只在得到印度尼西亚政府许可的情况下，才可以开进印度尼西亚领土。,3
一些资产阶级知识分子以旧眼光看待新事物，认为大学，这一些优秀的所谓高材生才可以登堂入室，农民秉性愚钝，硬要他们上大学，也只是“揠苗助长”，“吃力不讨好”。,3
心理疾病需早求医阳光心理安康中心主席、精神心理专科医生陈张栩表示，华裔对罹患精神疾病感到羞耻，认为疯子、傻子才会去看精神医生，结果导致心理疾病愈加严重，最终导致自杀悲剧发生。,3
卡杜米指出，在以色列从所有被占阿拉伯领土上撤走、建立以耶路撒冷为首都的独立的巴勒斯坦国的情况下，巴方才会同以色列签署和平协议。,3
据了解沙特的朋友说，沙特是一个严守“男女有别”的国度，即使在本族之间，也关系非常密切的朋友才不分性别，一起聊天、吃饭，用这种方式接待外国朋友，那是很高的礼遇。,3
那种在“质”上代表着那个时代的时代精神、那个社会的人民呼声的创作意识，并标志着那个时代、那个社会文学艺术发展的历史流向和最新水平的创作思潮，才堪称主潮。,3
他说，他在政治会议保证在一定时间内使他达到“解放和统一朝鲜”的时候，他才不破坏停战。,3
依靠政策倾斜、利益驱动，才可能把外资引向我国目前最需要资金扶助的基础设施类的建设项目中来，进而在彼此的互利互补中发展自己。,3
但是，重视实践而又善于用辩证的方法总结经验，并且用总结起来的经验来指导新的实践，才可能把认识提高一步。,3
就如同为他们做饭一样，适合他们口味的东西，他们才会吃得香、爱吃。,3
从源头保证耕地的清洁和优质，生长出来的粮食才具备让人放心的前提。,3
安德斯说，为了保证质量，国家对树种的交易有严格的限制，林协等专业机构才可以出售树种，出售树种时还必须保证其成活率。,3
生产关系一定要适合生产力的性质，生产力发展到某种状况才会引起生产关系的某种变革”。,3
公司的正常经营活动在超过一定数额时才向总公司汇报。,3
“我们把群众当亲人，群众才会把我们当亲人。,3
秀宗宣布，越南军队全部撤出柬埔寨，民主柬埔寨武装力量才同意停火。,3
好像是什么认证吧，达到一定的安全条件国家质量管理部门才允许贴的标志吧。,3
第三，欧洲的钢琴音乐文献非常之多，并且得到高度的发展，钢琴工作者掌握这些大量的文献，才可能掌握钢琴艺术，因此，钢琴艺术要坚持工农兵的方向是有困难的。,3
最近，苏联又通过各种渠道，暗示苏联愿意同其它国家谈判阿富汗问题；其它国家“保证”或“保证尊重”阿富汗的“中立”，苏联才“准备撤军”。,3
经济区的成立，工业企业归国民经济委员会统一管理，才从根本上消除了这种障碍。,3
按照社会主义市场经济的要求，切切实实推进各方面的改革，城乡的经济发展才会有活力和后劲。,3
但是，国务院的声明接着又说，“时间才会证明”苏联政府现在是否愿同西方国家进行“有成果的谈判”。,3
四月五日出版的一期美国“斯通周刊”在评论美国“联合行动”的讹诈恫吓的性质时曾指出：“那些把蛮干误认为力量的人，才会认为杜勒斯采取了一个强有力的态度。,3
在中午，太阳才偶尔透过被海风吹散的云雾，吝啬地撒下一丝金光，不多一会又躲进了云层。,3
他还说，帝国主义在世界上有三个吸盘，一个在亚洲，一个在非洲，一个在拉丁美洲，把三个吸盘一齐打掉，帝国主义才会死亡。,3
在生产沸腾钢（它是一种脱氧不完全的钢）时，才可以不用矽铁和只用少量的锰铁。,3
认真地面对这个现实，我们才可能真正搞清楚“系列化”写作的策略是否适合所有的作家，适合作家（哪怕是成熟作家）所有的作品，尤其是它对年轻写作者的影响。,3
现在还只处于调查的阶段，因为一种情况先在具体事实上搞清楚了，才可能认定它是否合法。,3
从《创造十年》中，他懂得了生活要靠自己去创造的道理，虽然人一生的道路并不完全取决于自己，但经过自己的努力和开拓，生活才会更有意义、更有价值、更有色彩。,3
在我们的时代里，当你能够用人类最先进的思想——共产主义思想来武装自己的时候，你才可能成为一名真正的“精神界之战士”。,3
她唱歌时像快活的山雀，在下令让老兵吃药时稚气的脸才严肃得像个老司令：“不行，像牦牛一样的身体也得吃药！,3
他认为：用收付记帐法，合作社的会计制度才可能广泛的建立起来。,3
对美帝国主义和一切反动派来说，用人民的革命武装把它彻底消灭，才会彻底舒服。,3
这就是亚运会，这就是体育，也许体育比赛惊险的刹那间和无情的胜负，才会同时触动不同国家、种族、社会制度下人们的神经。,3
一个公民的继承权，在两种情况下才会丧失：一，被继承人在生前立下遗嘱，取消了该公民对其遗产的继承权。,3
在整个波黑真正建立和平和人们重返家园时，战争才会结束”。,3
它被彻底消灭，才会感到彻底舒服。,3
曾子曾说“慎终追远，民德归厚”，意思是说慎重地对待自然与生死，永远追怀自己的祖先与传统，社会风尚与公民道德才会回归淳厚，这与我们今天提倡的以德治国是一个道理。,3
少数沾染了剥削阶级意识的流氓工人，才专门诬陷别人，而这样人也大都是统治者的狗腿子。,3
感谢信说：“我们懂得，我们要经过的道路不是撒满鲜花的道路，但我们也深信不疑：经过这条道路，人民战争的道路，毛泽东的道路，来打败我们所面对的武装反革命，红玫瑰才会在我国的自由民主的新生活中盛开。,3
消除“隔靴搔痒论”，深入学习马克思主义经典著作，才会有“蓦然回首，那人却在灯火阑珊处”的领悟。,3
马德里的华裔子女星期一到星期五都在西班牙的中小学上课，周末才会来中文学校。,3
通过对文本及其背景的细致研读，才会真正在确认文学经典时减少遗珠之憾，增加公正性。,3
其中，爱国主义是基本的和首要的要求，热爱祖国才会热爱人民，热爱社会主义制度，热爱科学。,3
这样，才会使农业这个基础，不断巩固和发展，从而进一步加强社会主义经济，巩固工农联盟，多快好省地建设社会主义。,3
过年的意义从来都不仅仅体现在物质消费中，只是因为有很长一阵儿人们在过年时才可以穿得更好、吃得更好一些，因而这两项标准成了一种简练而形象的象征。,3
工人阶级的死敌——托洛茨基分子，才会坚称工人阶级对农民有敌视态度。,3
但2亿多中国人仍生活在贫困中，中国存在收入分配不均衡问题，存在发展不均衡问题，继续加大对基础设施建设的投入，把最贫困的西部地区也融入到全球经济当中，发展不均衡问题才会消失。,3
由此，我豁然而解，相信在“大朝会”时，才会发生“万国来朝”的隆盛场面。,3
哥伦比亚《新闻评论》指出：跨国公司“对香蕉生产国的绝对统治，现在才受到了香蕉出口国联盟的威胁”。,3
全盘调整企业的经营方针，以顾客满意为追求目标的“亲友意识”，才会任何时候都不过时。,3
采取党的“百花齐放、百家争鸣”的方针，才会使大家更大胆更深入去探讨、摸索、创造新的东西。,3
在他看来，在完全消灭了阶级，已经把多种经济成分变成了单一的社会主义经济的社会中，生产关系的总和同生产关系这两个概念才变成同一个概念，这时，生产关系的总和也就是一种生产关系的几个方面的总和。,3
为此，专家建议，寻呼机生产企业走强强联合的集团化道路，形成大集团规模经济，才可能在国内外激烈的市场竞争中立于不败之地。,3
人人起来负责，才不会人亡政息。,3
我们国家的青年一代，是英勇无畏，不怕艰苦，具有自我牺牲精神和高尚道德品质的人，那末我们的军队成员才会有更高的政治素质和顽强的战斗精神。,3
这样，出现差错才便于检查，随时纠正。,3
社会主义国家本其革命精神，采取古代文化的精华而弃其糟粕，才会有魄力来担当合理改进历法这一任务。,3
那些利比亚政府的资本占百分之五十的公司才准在利比亚营业。,3
他戏称自己的身体就如一部已经运转了八十年的“进口”机械，其零部件或多或少都会磨损一点，经常检查、修理、保养，才会正常运作。,3
评论指出：“一个国家在能够开发自己的自然资源和发扬自己固有的道德和精神素质的情况下，才可能是真正独立的。,3
围城”的概念日渐淡漠，当两个人真正彼此适应后，他们才会走进婚姻的殿堂。,3
这样，东西柏林的关系才会正常化。,3
坚决而一贯地实现和平政策的人民，对人民幸福的关切成为首要的、最神圣的和最伟大的格言的一个国家，才可以在他们面前安放这种目标。,3
如果说“斗争的火花”才可以留传下来的话，那么，我们将失去多少优美动人的爱情诗、田园诗、山水诗，以及抒写离愁别恨、旅途辛苦、友朋赠答、游子思乡的佳作！,3
你恭谨勤劳地先当群众的学生，群众才会把你当作他们的先生。,3
在大家看来，调皮捣蛋、成绩不好的学生才去读职校。,3
外国资本在实行反帝政策的爱国的民主的力量的广泛联合面前才会退却。,3
大家认为：在改造思想中，思想方法要改造，思想意识更要改造，而且首先改造好思想意识，才可能彻底改造好思想方法。,3
德育专家、北京师范大学博士生导师周之良教授说，长期以来，不少老师和家长认识上有个误区，认为学生不停地学习，效果才好。,3
倡议提出，加强原创性研究，我国科学和技术的发展才会有坚实的基础。,3
在国外，医学本科毕业、具备5年普通外科及3年整形外科从医经验并考试合格者，才允许从事这类美容服务。,3
这样，法国民族民主力量的团结才会成为不可遏制的现实而马上在议会方面表现出来。,3
据研究在人脑中它们才大量增加，约占全部皮质细胞总数的一半。,3
对我国处于历史转折和重大改革时期的各项政策，在三中全会重新确立的思想路线的指导下，才可能使人们打破旧思想的束缚，跟上变化了的新形势。,3
伊朗开始拒绝同伊拉克举行直接会谈，后来立场有所松动，说在停火实现之后，它才同意同伊拉克进行直接对话。,3
本体确定了，镜像才可能美丽。,3
微信上类似的游戏或健康信息是大家转发的热点，不少难辨真假，建议大家不但要多听多看，还要慎思、明辨，用科学的方法进行保健才可能给自己和家人带来健康。,3
那些真正为时代所喝彩，让人民所信服的东西，我们才会从肺腑中发出心声，从而形成真正的掌声。,3
等等，这些，如果就现象谈现象，想来是没有多大说服力的，把它们放到毛泽东和他从事的事业的关系中，才可能有比较准确的回答。,3
马克思主义者是最尊重客观实际的辩证唯物主义者，林彪、“四人帮”之类的假马克思主义的骗子，才专靠吹牛撒谎过日子。,3
这样，战士才会真正团结在干部周围，形成巨大的凝聚力和战斗力。,3
扎兹认为，安理会一致支持对南非进行全面的、强制性的制裁的决议，才可以使和平解决纳米比亚问题取得结果。,3
所以教育是基础，人的素质提高了，整个社会的发展才会有希望。,3
狄德罗在批评贝克莱的时候说：“那些只承认自己的存在和我们体内彼此更替着的感觉的存在，而不承认其他任何东西的哲学家，叫作唯心主义者，这种怪诞的体系，在我看来，瞎子才会创造出来！,3
这样看，雷锋精神才不会时过境迁。,3
经验证明，打通群众思想，才会造成抢种浪潮。,3
另外，研究生入学后，也没有固定的指导老师，在写学位论文的时候，他（她）才会按照论文的选题去自主选择指导老师，可以是本研究所的，也可以跨校选择，慕名而投。,3
一个批评家与一个作家，熟到了骨头里，才会有如此到位的透视和剖析。,3
那些自己从事强盗勾当的人，才会这样审判强盗！,3
在这个时候，才基本实现了马克思所说的，既没有无义务的权利，也没有无权利的义务。,3
制定出相应的管理法规，我们才好依法行政。,3
我们的血沾染在压迫我们的独裁者手上；也沾染在国务院的家伙们手上，国务院供给武器来对付哥伦比亚的人民，并且保证把那迄今希特勒德国才大规模实行过的绝灭种族的罪行掩蔽起来不让人们知道。,3
当欧洲、亚洲和其他各洲的国家都得到了安全的保障，世界才会有巩固的和平。,3
把读书当作平常之事，融入我们的生活之中，才会真正领略“读书是福”的意境。,3
可惜的是，当我们身处其中的时候，常常会因为太熟悉、太常见，以至于熟视无睹，往往在身处异乡之后，再回望他（她）们时，才会越发感觉到这种美好。,3
十五年前，北京崇文区的一个工人家庭里，五个兄妹由于父母相继因病逝世，成了孤儿，最大的十五岁，最小的才三岁。,3
而中国队在进前八已成定局的情况下，今天与韩国队的比赛中输球才可避开意大利队，而挑选更有把握战胜的巴西队。,3
日本朋友平井感慨地说，“日中两国的人民才会这样情同手足地知心交往啊！,3
尽管90公里的路程，但一直到下午1点多，近30人的演出队伍才到达目的地。,3
但是，德国总理施罗德在发言中表示，南联盟加入《东南欧稳定公约》，这项公约才会取得成功。,3
从解题策略上分析，实验班答对的87%学生中一位同学是先做加法口算，计算结果为42，再想一想乘法口诀才写成6×742。,3
在这样的大背景下，习近平说创新、结构性改革改善金融治理，才可以治好世界经济的顽疾。,3
但是，双方都有进行这种会晤的愿望，国家领导人的会晤才会带来好处。,3
也以历史唯物主义与辩证唯物主义去对待一切事物，才会有真正的科学观点。,3
真正的独立与和平，民族文化才可能大大发展。,3
她在病危之际，经常昏迷不醒，在她耳边播放一些她熟悉的音乐，才发现她恍惚又恢复了知觉。,3
在他们自己掌握了命运之后，“主人翁”三个字才具有实在的内容，真正的价值。,3
有些人的画，往往经不起细读，经不起反复读，而王老的画，恰恰相反，如果泛读，草草读过，则决不会领略其洒藏的深层境界，反复读，长久读，才会领略其中的深意。,3
树立了“大资源观”，才可能避免以物质资源为中心的发展战略，使改善教育体制、培育资本市场和加大科研投入得到足够的重视。,3
在特殊情况下，中国大陆才会使用非和平的手段。,3
看，指导员交给李明升一枝枪，表明“整个世界用枪杆子才可能改造。,3
只知道今天的幸福，就容易忘记过去的苦难，牢记过去的苦难，才会更加珍惜今天的幸福。,3
多管齐下，综合治理，才会凸显作用。,3
现在我体会到，对集体的心热了，天冷才不会冷；如果对私字热了，天不冷心也冷。,3
一位安哥拉朋友强调，“早日实现和平，石油——这一天赐的财富才会更好地造福于安哥拉人民”。,3
到了近代，公立图书馆的勃兴，才使这些浪迹天涯的藏书找到了最终也是最稳妥的归宿。,3
保持使柏林分裂加深和永久化的立场，才可能拒绝讨论这个问题。,3
每年农历大年初一，才会神秘而庄重地供于祠堂内供族人瞻仰和凭吊。,3
也在这个“语境”下，这些绣品才不是一件件简单的静止的作品，而是充蕴着灵性与生命力的活的东西，包含着大量的信息。,3
他们好像认为党员才坚持为工农兵服务，把党员和群众分开，这就是宗派主义的情绪。,3
从前大职员瞅他总是斜着眼看，在央求他那点“技术”时脸色才好看点。,3
在阿须兰时，我才受到了和先生家人一起生活的荣幸。,3
不过，现实生活中，仍然少数环保修养达到一定层次的人，才会在兼顾利他的行为中享受环保。,3
发光蘑菇大多生长在热带、亚热带光线较暗的地区据统计，目前在全球发现的发光蘑菇种类大概有70多种，但奇怪的是有些蘑菇的发光具有周期性，在白天即使处于暗处一些蘑菇也不会发光，在夜晚才会发光。,3
让群众对我们为他们办的每件事都满意，实实在在去解决群众的实际困难和问题，群众才会真心拥护我们。,3
我们在社会主义事业中所从事的任何工作，依靠党，依靠群众，依靠各种社会条件，才可能顺利的完成。,3
相信对方对这段感情的忠诚，一些猜疑和误会才不会层出不穷。,3
王子宇说，更多接触同行，才会不断碰撞出设计的灵感。,3
有一种传统的看法，认为深山老林、名山大川才出药材，田野平原、小沟浅流缺药材。,3
连环画工作者投身到火热的斗争生活中去，观察、体验、集中、概括，才可能塑造出丰满高大的英雄形象。,3
惠安一带有这样的风俗：妇女结婚后，只能头三天在婆家住，以后过年过节才可以回婆家住几天。,3
好作品也在这样的情形下才会产生。,3
大概十岁左右的孩子，才会有如此天马行空的想象力和新奇的比喻，写下这么充满童真、童趣的句子。,3
那种亲身经历的体验，那种由“生命的追问”造就的诚挚而独特的感情，才可能是卓越的散文创作的源头。,3
进一步把左倾思想批深批透，彻底肃清其流毒，按照党的三中全会所确定的思想路线和政治路线来认识建设上海的方向，才可能为发展上海提供一个正确的方针。,3
前南联络小组波恩声明强调，应尽快通过政治谈判和平解决科索沃危机，当国际社会的要求——其中包括对在科索沃的国际观察员保护的要求得不到满足时，才会考虑“采取军事强制措施”。,3
相互尊重，平等互利，求同存异，亚太经济合作才会有前途。,3
注重权利和义务、自主和协作的结合，各国的核能事业才会有新的进展。,3
看来把“歪嘴和尚”请下台，把思想作风端正、年轻有为的实干家请上台，才会出现欣欣向荣的景象。,3
而现在，通过视频才可以看到西海岸的亲人。,3
恰恰是当CBA真正创出自己的特色、拥有了自己的风格鲜明的球队与运动员之时，中国的篮球联赛才会更加精彩，更具有影响力。,3
每次漫步在北京的长安街，看到华灯初上的时候，我就会想起重庆，发现重庆的夜景，才会让人懂得什么是真正的“水天一色”。,3
不断形成自身的经济发展优势，竞争力才会得到不断提升。,3
如此，金融机构才会谨慎收集个人信息。,3
同时“真4K”电视还必须具备4KHDMI的专用传输通道，利用专用传输通道，才可以直接接驳4K播放设备（如4K蓝光碟机/PS等），实现4K信号的全程无损传输。,3
此后他走访100个下岗职工，其中竟有58人不知道有再就业优惠政策，还有25人听说过优惠政策但不知如何办理，17人花了不少钱才办了享受优惠政策的手续，但一些职能部门三天两头向他们收这费那费。,3
对客观事物的认识越多越深，增产节约的路子才会越走越宽广。,3
在前述半封建半殖民地的旧中国，根本谈不上真正独立自主的开放政策，在我们民族已经独立、社会主义祖国主权在握、对外开放政策既定的今天，才使我们获得了比以往任何时候都更有利的实行对外开放的条件和时机。,3
重工业才保证了苏联国防的巩固和国家的安全。,3
这样，两岸“三通”才会有坚实的基础和健康发展方向。,3
近几年我国虽然胡椒生产发展较快，但每年收购也五万担左右，全国人均才半钱左右。,3
马克思当时的经济状况，党内最亲密的战友才了解：家里稍有价值的东西都典当一空，没钱买煤、买菜、付房租、交学费，甚至连写作用的纸张和寄稿件的邮资都没有。,3
而艰辛的耕耘，才可能有收获的时节，在这方面京剧工作者有着义不容辞的责任。,3
“继续为人民服务和向人民学习”，踏踏实实地坚持走这条道路，才可能通向“广大的劳动人民的民主运动”。,3
1972年，粮食亩产140多斤，棉花亩产才30多斤，全县有20多万头牲畜因缺饲草被迫到沙漠边缘流动放牧，造成大批死亡。,3
让景区的明白账处于全民监督之下，门票收入才不会成为个别政府暗中增收的“提款机”。,3
这样，我们才可以有充足的后备作为预算的巩固保证，这种保证是像我们这样一个大国，特别是处在经济建设初期和美国侵略威胁下的大国，所绝对不可缺少的。,3
是啊，也许当我们停下脚步的时候，才会发现简单、微笑而确实的幸福吧。,3
因此，很多探索性医学研究是先在鼠、兔、狗、猴身上作实验的，在肯定稳妥的条件下才允许在人体上进行实验。,3
因为对于水权，人们在真正了解和把握其法律确定的价值后，才会更好地去珍惜它、爱护它。,3
在科学技术成为第一生产力的今天，在科学技术发生革命的前提下，社会生产力才会发生革命性的飞跃。,3
这样，人民群众才会想听、愿听，真正形成抗击非典的强大合力。,3
声明在重申这些原则时说，在把西伊里安归还印度尼西亚的基础上才同荷兰举行谈判，荷兰必须在目前的斋月（在3月7日左右结束）内表示它愿意谈判。,3
这个修改案规定，过去一向使用国际合作署资金的其他资本主义国家采购的物资，今后原则上要在美国国内采购，在不影响美国国内工业的情况下，才可以在国外采购50%。,3
那些并不真正关心国家和人民的利益，不愿意踏踏实实为人民群众服务的人，才会把这些工作看成“打杂”。,3
20多年改革开放的经验告诉我们：中国离不开世界，积极主动地参与经济全球化和区域经济合作，大力推动多边贸易和双边贸易进程，中国的发展道路才会越走越宽广。,3
推动科学发展，增强了创造力——　　两年多实践证明，与中心工作紧密结合，创先争优才会受到各级党组织和广大党员的衷心欢迎。,3
一天，我们收治了一名患“重症肌无力”的小孩，生命十分危险，开刀割掉胸腺才可能得救。,3
观东对我讲：金字塔万古不变是因为它的根基深，一个画家没有扎实的基础不行，画山入山，画河涉水，身临其境，让物和景感化自己的心灵，然后以满腔的热情全身心地投入创作，才可能有好的作品。,3
在特殊情况下，在四国最高领导共同同意下才可由唯一的中心和最高统帅发射。,3
后来，思想政治工作变了样，好象深入群众、关心群众不叫思想政治工作，照本宣科做报告，正襟危坐搞检查，搞许多烦琐的文牍主义、形式主义的东西才叫思想政治工作。,3
冒险家才会就此谈论军事冲突。,3
而对国有企业职工观念冲击最大的是：工资有高有低，分配完全跟着效益走，多劳也不一定多得，高效益才会得到高收入的回报。,3
由于门票和围墙的阻隔，过去许多市民等到节假日的时候才会破费到公园一游，平日只好望园兴叹。,3
把忧患意识和艰苦奋斗的精神转化为务实和创新，我们才不辱使命，成为真正的跨世纪者。,3
文艺复兴运动的代表人物竭力鼓吹“人文主义”即“人道主义”，据说是到他们才“发现”和“肯定”了“人”。,3
革命，而且革命，才使我国人民能够在政治上得到翻身，在经济上得到翻身，在文化上也得到翻身。,3
这样我们的路才可能走得更好。,3
财务管理步入公开化、规范化、制度化轨道，切实把好预算关、审批关、监督关，才可能真正从源头上截断经济活动中的不正之风。,3
他们说，艰苦中有欢乐，不怕艰险的人，才会有壮丽的青春。,3
这样的勇士们那时候才会出现，就是当他们起来保卫自己的家、劳动、生活和荣誉的时候。,3
辩证地思考，才可能正确地提出和解决这个问题。,3
他认为具备了大量的机器，用机器牵着农民的鼻子走，农民才会被迫地走农业集体化的道路。,3
是呵，季节总是在我们身后一闪而过，历史的碎屑散落一地，踏上这片土地，我们才从一只只无言的花圈上，感受到生命亘古的悲壮，感受到有一种比山比岩石比雷霆和风暴更沉重的东西压上肩头。,3
在这种场合，人的交流才会上升到一种智慧的层面，这是人生交往的最高境界。,3
创作出体现时代精神，真实而深刻地揭示社会矛盾和生活本质的作品，才会使文学和人民群众紧密相连，息息相关。,3
在无产阶级的政治思想工作的指导下，教学工作才会更好地前进。,3
在这样的土地上才会有公平正义，——它的儿女们用自己的手取得了各种的权利。,3
如此，才不会是相互制约，而是相互促进。,3
这样你长大以后，才可以实现自己的愿望”。,3
但显然推翻了帝国主义、封建主义统治，才从根本上解决了社会生产力发展的问题。,3
这四个“根本点”，既是９０年历史经验的深刻总结，也是我们党面向未来保持和发展先进性的关键所在，牢牢把握，我们党才会始终走在时代前列，不负民族先锋、时代先锋的历史使命。,3
很多投资者听不进亲朋好友的劝阻，却往往对政府机关发布的信息比较信任，政府部门早介入，才会尽可能减小投资者的损失，阻止更多投资者加入。,3
真材实料的金奖茅台越来越多，真心实意的为民服务受到褒扬，真情实感的沟通逐渐成为人际交往的主流，所谓删繁就简、返璞归真，才不会只是“要求”。,3
沙俄侵华急先锋涅维尔斯科依在《俄国海军军官的功勋》一书中写道：“在同中国人谈判之前，必须在黑龙江、乌苏里江两岸布满军人村屯”，“这种行动，即建立军人村屯，调遣军队和武装舰艇，才取得了应有的效果。,3
显然，生态农业才具备上述功能。,3
但储采比（即石油储量开采的年限）只是一个参考数据，石油储量的实际寿命要比人们设想的年限要长一些，因为至今发现的只是地球上石油总储量的一部分，也就是在当前条件下才可以开采的那一部分石油储量。,3
人们透过冠军的闪光奖杯，体会争取冠军的艰辛时，才会从冠军的身上得到有益的启示。,3
指导思想对头，才可以通过国际市场的交换和对外经济技术合作，发挥国内的生产能力，提高国内的生产技术水平；通过适当的形式吸收外资，加强国民经济的薄弱环节，改善比例关系。,3
而国际经验表明，出版单一期刊品种的出版机构几乎是无法生存和发展的，集团化的经营模式才可能创造效益。,3
毛主席教导我们：“凡属正义的革命的战争，其力量是很大的，它能改造很多事物，或为改造事物开辟道路”，“整个世界用枪杆子才可能改造。,3
高瞻远瞩、不谋私利的党，才会自己提出具有战略意义的任务，交给党的最高权力机关——全国代表大会去集思广益，为开创崭新的局面铺平道路。,3
按照规定，监管部门对拒不停止销售的企业才处以罚款，“拒不整改的流通企业还是少数，基本上我们发了通知，他们就会把产品下架”。,3
允许不同的发展模式，21世纪才会成为一个和平、稳定、发展、繁荣的世纪。,3
对于同本地区国家安危攸关的柬埔寨问题，我们始终认为，按照联合国大会的有关决议，从柬埔寨撤出全部外国军队，由柬埔寨人民处理自己国家的事务，柬埔寨问题才可能得到公正合理的解决。,3
侵略者才会说中国人民支援朝鲜人民的正义行动是‘侵略’。,3
无产阶级是最先进、最大公无私的阶级，他要彻底消灭一切剥削，要解放全人类，因此无产阶级的阶级性以及这种阶级性的集中体现——共产党的党性，才决定无产阶级的人性是最高尚最优美的。,3
两岸在一个中国的原则下，才可能实现国家的和平统一。,3
这样，才不会因为变形而报废。,3
我们在三个半月的政治、军事学习中，体会到：打消个人的一切打算，把个人的前途和革命结合起来，才会有我们的光明前途。,3
苏维埃政权和共产党才在我面前展开了从未见过的广阔的自由天地。,3
牢固树立“怎么方便群众怎么办”的思想信念，把群众的需求作为工作的出发点和落脚点，才会让部门互掐及其引发的各类奇葩问题迎刃而解。,3
在过去相当长一段时间里，牛奶是“贵族”消费，对病人、儿童和老干部才保障供应。,3
北京放弃自己的最极端的观点，国际共产主义运动和中国领导之间发生的分歧才会有根本的改变”。,3
事实证明，这几方面抓住了，抓好了，钢铁生产才可能多快好省地向前发展。,3
利用巨大的加速器或宇宙线才可能揭示这个对了解物质结构具有极重大意义的过程的实质。,3
如奉化尚田镇一个112名村民的庙后冬村，去年村集体经济收入才5000元，却花了1996.8元订了20多份报刊。,3
把所有的基础工作都做扎实，机遇一旦出现才不会失之交臂。,3
在生活中产生的“动情之点”才会成为艺术的胚胎。,3
但是他接着说，法国接受美国建立北大西洋集团的“多边核力量”的计划，美国才准备讨论诺斯塔德的建议。,3
广东省原作家协会主席、作家陈残云认为，文学应该热情地反映改革开放的时代，作家深入下去才会有所收获。,3
在这个范围内，也在这个范围内，‘资产阶级法权’才不存在了。,3
通过相互的让步和保证，才可能达成广泛的为大家所能接受的公正的协议。,3
当保姆和教员们给他们耐心地解释，安慰了他们以后，才会恢复安静。,3
这个任务那朝那代也没有完成，共产党领导的新中国的人民群众才在自然面前赢得了巨大的胜利。,3
科尔则向希拉克表示，法德“齐心协力地工作，欧洲才会有未来”。,3
商家与消费者之间是一种互动关系，双方都坚持诚实守信，整个社会才会出现诚实守信的良好氛围。,3
且不说白痴才会认为，出口占世界原油出口总量百分之零点六五这么一点点石油，可以“挽救”资本主义的“能源危机”。,3
案犯的作案工具可谓现代化，或使用装有消音器的冲锋枪，或使用在西方电影中才出现过的塑料炸弹。,3
这样，产业结构才可能是合理的、协调的。,3
6、北京，卢沟桥这里的火车很少，可能从东北经北京往京广方向去的客车才会驶过，还有就是行包专列和货车。,3
梅葆玖从来不说自己是大师，除了在舞台上，他不会轻易开嗓，在自己准备充分的时候，才为观众带去最精彩的表演。,3
另一方面根本没有所谓县长、镇长、派出所所长等领导的儿子在该校念书这一事实，并且当地派出所所长一个独生女儿，目前在大学读研，副所长也一个年龄才两岁的独生女儿。,3
过去在巴西国家公务员才享受退休福利保险。,3
国家强大了，才不受人家的欺侮。,3
作为个体的公益行为也许在任何时代、任何时候都会存在，但作为大规模的群众性的社会公益活动，当全社会的物质、文化、精神、心理和道德等等要素积淀到一定程度的时候，才会合乎逻辑地自然而然产生。,3
各国经济都走上良性发展轨道，全球经济才可能真正实现强劲、均衡、可持续的增长。,3
冬日的萧索无趣，雪才可以化解——一下雪，躲在屋里的人们就一下子涌了出来，孩子们打雪仗、堆雪人，玩得热火朝天；矜持的大人们则喜欢踏雪，听雪在脚下嘎吱嘎吱的吟唱——天地间一派生机。,3
带着问题学，才会有决心把这个问题钻深钻透。,3
“真正站在人民的立场上，用保护人民、教育人民的满腔热情来说话”，对人民内部落后方面的描写才会做到恰如其分。,3
在抨击杜勒斯和蒋介石正在举行的谈判时，报纸强调说，美国军队撤出中国领土和美国不再干涉中国内政，才会有利于和平。,3
我”望着窗，不仅望见了她在我幻想的窗里，而且望见了她的眼睛，望见了她眼里的天空……这样绮幻的构思，也许爱情才会赋予吧。,3
我深深感到，我们伟大的社会主义祖国，才会出现这样人与人之间的亲密关系。,3
但有些同志至今错误地认为，环境生态破坏，在资本主义国家才发生，因为他们的生产唯利是图，不计后果。,3
这样的事看似小事，但对群众来说是天大的事，把群众的事当作大事来对待，真正关心和爱护群众，为他们办实事、解难题，群众才会增强对党和政府的信任，一心一意跟党走。,3
至于四分球使中锋的作用不明显了的说法，杨伯镛认为这是一种片面的说法，技术不全面的中锋才会失去作用。,3
这种善于看风使舵、变换伪装的本领，越南当局才使得出来。,3
当前有潜质的、有创造性的、有文化底蕴的演员太少了，虚假的表演充斥银幕，有个性的演员不断涌现，中国电影才会美丽。,3
在阿西夫看来，把路修好，生活才会好起来。,3
生动感人，寓思想于形象之中，才会受到小读者们的欢迎。,3
文章说，“在哈尔格萨，那些胡乱丢在街上的破烂不堪的几十辆俄国卡车，才使人记得同俄国的联系”。,3
这样，才会有和平和安宁。,3
一九七六年初汽车公司刚成立时，十二辆破旧不堪的汽车，司机、职员总共才四十五人。,3
把保护区建在你身边有人曾说过，“当最后一株树死去后，当最后一条河流被毒化后，当最后一条鱼被捕捞出水后，我们才会醒悟钱是不能吃的。,3
从前一个有十多亩地的人家，一年也不准积三五十车粪，旱地照例是一车不上的，水地才上粪，上粪也不过三五车、七八车。,3
我坚决相信社会主义制度，共产党的领导，才使我们能够达到已有的成绩，完成今后更艰巨的任务。,3
今年报考高校的少数民族学生中，全自治区上录取线的230人，把这些人都录取上，也才占录取总数的百分之十一点多。,3
俄政府官员谈俄加入世贸组织俄政府官员谈俄加入世贸组织俄罗斯外经贸部第一副部长加布尼亚二十一日强调，俄罗斯“在绝对平等的条件下”才可能加入世贸组织。,3
大家认为，在教学提纲编写上应该允许多样化，不必强求一律，在多样化的基础上才可能逐步走向统一。,3
出身在一个知识分子家庭的女水利专家钱正英，在书面发言中说，共产党才使她跨出了个人和家庭的小天地，走上了革命的道路。,3
据甘肃农业广播学校的主要负责人介绍，甘肃农广校一年的“绿证”培训任务是5万人，但资金1万元，人均才2毛钱。,3
热情接触新事物，认真研究新问题，才可能正确认识和对待它们。,3
一般来说，活火山才会喷发。,3
一项创新成果，较强的科学性，它才具有较高的学术价值。,3
他同时还说，当苏联遵照联合国的决议从阿富汗撤走它的军队，这个地区不必要的死亡和苦难才会了结。,3
她们中年龄最小的十九岁，最大的也不超过二十五岁，大都是战争开始时才入伍的。,3
社会性和空间性的内在结合而促成连续的社群互动的地方，“社区”才名至实归。,3
正如展出的优秀宣传画《自由或死亡》所启示的，战斗，才会有国家民族的独立自主。,3
在斗争的风浪中才可能真正学到马克思主义。,3
来中国前虽然也听说过，但总觉得是不可思议的，亲眼看见才会完全相信。,3
在上海联谊会聚餐时，才会说几句上海话。,3
转变人物的思想变化本身是一个曲折的、常常会出现反复的矛盾运动过程，在特定的环境中，在一系列事件冲突和由此引起的一系列思想冲突中，才可以完成这个转化。,3
哲学是“高高凌驾于空中的思想部门”（恩格斯语），对某一哲学体系进行了深入的解剖，捉住它的特殊本质，才可能对这个哲学体系的阶级性作出深入的分析。,3
虽然中国经济总量位居世界第二，但人均GDP6800美元，仍排在世界80位以后，在中国广大中西部和东北地区人均GDP才5000多美元，有些西部省份3000多美元。,3
教育是基础，办好教育，培养大批有文化、懂技术、热爱农村的新一代农民，农村经济才会有更大的发展。,3
而叙利亚则表示当黎“实现了政治改革，以色列全部撤出黎巴嫩领土之时”，叙军才“没有必要呆在黎巴嫩”。,3
在劳动人民当权的社会中，劳动人民才会为着自己的利益而彻底消灭妇女的无权地位，使广大妇女群众积极参加到国家建设工作中来。,3
这样，才会为整党工作的顺利进行打下良好的基础。,3
各级领导干部平时严格要求下属、尽监管之责，才会有效引导下属不断强化自律意识，减少违纪违法的可能性。,3
今年5月的西方7国财长会议上，欧盟金融界人士曾预测，美国经济出现强劲复苏6至9个月以后，欧盟经济才会强劲复苏，其部分原因在于欧盟公司需要时间削减他们在上世纪90年代末背上的大量债务。,3
这个斗争胜利了，第三次世界大战才可以避免，否则是不能避免的。,3
产业扶贫应当是扶贫的主要形式，把贫困人口的生产活动和兴盛的产业结合起来，脱贫才可持续、有保障。,3
那些躲在阴暗角落里的牛鬼蛇神、臭虫虱子、细菌病毒，让它们见一见“太阳”的光和热，才会死亡；真正的劳动人民，正是在太阳光辉下锻炼得坚强起来的。,3
这种力量当一个人深爱着他的人民同时又被他的人民所挚爱时才可能激发出来，因此，它又可以归结为一种爱的凝结，爱的升华。,3
当我已经视昔日的敌人为朋友时，我才会揭露这种卑恶行为。,3
贩卖鲜血的贩子、暴虐狂的人和疯子才会拒绝在和平宣言上签名。,3
让阳光照亮每一个角落，群众心中的“谜团”才会不攻自破。,3
也处于不被人为干扰和破坏下的旅游资源利用，才可将旅游产品的有限生命转化成可持续的良性循环。,3
难道强迫不信神灵的共产党员改信宗教才叫信仰自由吗？,3
更扎实、更努力地工作，才不辜负党和人民对我们的期望。,3
他梦想着将来当一名新闻记者，但父母对他说：“进一步拓宽知识面，提高理解能力，才可能成为一名优秀的新闻记者。,3
就如同为他们做饭一样，适合他们口味的东西，他们才会吃得香、爱吃。,3
里根在表示愿意同苏联进行对话时强调指出，“过去的教训”表明，当西方国家“立场坚定和保持一致”时，“苏联才予以重视”。,3
现在，苏联有一切理由认为，它在进行了同美英两国在今年3月31日苏联停止自己的试验以后所进行的相同数量的试验后，才停止自己的试验。,3
叶利钦警告说，欧安组织首脑会议的最后宣言避免提及车臣一事，俄罗斯才会同意通过这一宣言，否则他将拒绝在这一文件上签字。,3
内心修炼到足够强大，才可以无惧于任何改变。,3
我想：罪犯才会反对这种决定！,3
我认为，疯子才会相信肯尼迪这个坏蛋的话，因为他每次都是在欺骗我们古巴人。,3
在翻阅历史文献时，克莱谢尔发现了一个被驱逐、又返回家乡的犹太法官，从而发掘了历史学家才会深入发掘的史料。,3
图片报道　　三月五日，在东京涩谷站前，来自美国一动物保护组织的两名姑娘举着“动物才‘穿’皮毛”的标语，呼吁禁止猎杀动物牟取皮毛。,3
我们所要参加的比赛，可能在世界上的任何一个地方举行，从这一点说，我们的运动员应具有“世界公民”的素质，尽可能地适应世界上任何一个地方的情况，如此，才不会在这方面吃亏。,3
舞台艺术形象如此巨大的凝聚力和辐射力，轩辕黄帝这样特定的题材、特定的历史原型才可能做到。,3
波兰总统克瓦希涅夫斯基不久前表示，波兰在伊拉克是否拥有大规模杀伤性武器问题上受到了“误导”，但他同时表示，当伊拉克实现政权移交和成立独立的伊拉克政府之后，波兰才会撤回驻扎在伊拉克的军队。,3
代表英国铁路公司的谈判代表在与工会谈判时表示，在工人答应改变工作时间（每天工作七或九个小时）和提高劳动强度的情况下才同意加薪。,3
首先，文艺作品的对象虽是生活，但来自生活的素材并不是艺术品，这些素材经过作家的加工、提炼，才可能成为艺术品。,3
可是水源不足，从唐指山把潮河水引进来，才可以使平谷县基本实现水利化。,3
我们把握住本质的东西，才不会被“似”的假象所欺骗。,3
不错，葡萄牙正在建设着豪华的住宅区（这些住宅富豪才住得起），创造着吸引国际游客的种种条件，也兴办着某些对国家发展有意义的工程。,3
思想认识到位了，改革才会从“要我改”转变成“我要改”。,3
在他们知道我们有还击的准备和决心的时候，美国的武装侵略者们才可能放弃他们的进攻。,3
他说，“更好地了解党员群众的期盼和愿望并带到大会上去，才不会辜负党和人民的重托……”　　２０１１年１０月。,3
加强售后服务，保证住宅能得到经常的有效的维修和管理，人们才会放心地去购买住宅。,3
把世界原子战争看成是像同蒋介石打仗一样，这是天真的，收到一个纸老虎的礼物并用一支纸箭射死纸老虎来玩的孩子才会这样想。,3
说它俊得像个少女，党的总路线的光辉照耀，才会成长这样俊的少女。,3
然而，书呆子的死脑筋，才会将生理学上的条条和我们高呼万岁联系起来。,3
长年生活在这里过惯了乡土生活的人们，才具有辨别哪个地方有蘑菇的特殊本领，他们用脚探索，用鼻子闻味，就可以挖到满筐满袋子蘑菇。,3
我想这种道德上正当与否的问题要比违法与否的问题更为重要，有关违法的追究在造成严重后果、有人起诉的情况下才会发生，而道德的追问则在任何情况下都会发生。,3
形势已经非常明显，少数的战争贩子及其走狗们才主张战争，而全世界大多数的人民是主张和平的。,3
她说话很快，声音洪亮，不知说到一件什么事，哈哈大笑起来，笑得那么快活、爽朗，那种胸怀开阔，无忧无虑的人，才会有这么坦率的笑声。,3
中国的事情按照中国的情况来办，依靠中国人自己的力量，才办得成、办得好。,3
他也不主张在中东问题上同苏联谈判，他认为加强了“自由世界的地位”和从这种地位出发去谈判才会“有成果”。,3
当我们铜墙铁壁般地加强我们的国防力量、经常保持动员姿态时，敌人才不敢对我们轻举妄动；即便他们进行不明智的冒险，也能够坚决予以粉碎而取得胜利”。,3
孔子回答：那些维护奴隶制的忠臣、孝子才可称为“士”。,3
从各发达国家合作社的历史看，它是商品经济发展到一定阶段的产物，而且按商品经济的要求组织合作社，才会有强大生命力。,3
但从如何揭示这一历史现象的根源和实质而论，唐太宗的历史威望和影响力，才堪当“万国来朝”的主体人物。,3
在被问及美国是否会参与调解印巴克什米尔冲突时，克林顿说，美国只会在双方要求下参与调解，这样，调解才会有效。,3
直到火车距离桥头三十多米时，老大娘才发现后面开来了火车，她一时受到惊吓，反而跑不动了。,3
他们的饭碗维系于企业，他们的命运和希望维系于企业，他们才与企业真正形成了一损俱损、一荣俱荣的紧密联系。,3
现在，修正主义者放弃他们的修正主义言行，才可以停止论战。,3
因此人民法院对民事纠纷案件，应当从加强团结、有利生产的目的出发，遵照政策法律的规定，对可以调解解决的案件，尽可能采取调解的办法来解决；对那些必须经过诉讼和审判来解决的，才依法判决。,3
燃运部部长、党员马社路“家”离工棚300米，但当爱人和孩子从武汉来到徐州时，他竟然忙得几天进不了家，当妻子、孩子要离开的时候，他才从工地匆匆赶来。,3
在两个敌对制度中的一个被消灭的时候，这种斗争才会结束。,3
这些情形，自然在社会物质生活条件和劳动群众的经济文化都处于低度发展水平时才会产生。,3
这样，我们各民族应更加团结，我们国家才会更加强盛，国家的力量更加充沛。,3
独立为建设新的社会主义社会开辟了前景，在这样的社会里，人民才享有自由，成为自己命运的主人，成为坚不可摧的长城。,3
按照过去惯例，第二次亚非会议也在协商一致的万隆原则基础上召开才可能开得成功。,3
追求和勇于坚持真理的人，才会有强烈的正义感和坚强的原则性，但坚持真理有时是要付出代价的。,3
农民说：“这样的事在共产党领导下才会有。,3
报道援引国民党员、云林县土库镇镇长张龙的话说：“基于海峡两岸人民都是炎黄子孙，中国当然要统一，统一，才不会造成后代子子孙孙的遗憾。,3
他们二人为了谋求积极的结果，曾在十月八日提出了一项建议，这项建议那些不惜以任何代价阻止朝鲜停战实现的人们才会加以拒绝。,3
他说，这样才可以消除太平洋岛屿的居民对于核爆炸试验的恐惧。,3
实践不仅有第一性的优势，而且有综合性的优势，各种因素的综合作用通过实践才反映得最为实在、最为清楚。,3
坚决依靠世界各国人民群众的联合斗争，坚决反对以美国为首的帝国主义和新老殖民主义，捍卫人民权利和自由、争取和维护民族独立和保卫世界和平的正义事业，才会不断地发展和胜利。,3
为了不被人发现，趁天未亮之前出发，天黑后才回家。,3
在不合理的密植和栽培管理技术条件下，才会出现基本苗数多的田块，其穗数、产量和基本苗数少的田块相接近的情况。,3
因为在思想活跃和发扬独立思考的条件下，真理才会经受锻炼并得到发展。,3
最常见的其实也是最肤浅的说法是：公有制使得人们失去责任感和积极性，私有化才可以调动积极性，促进经济文化等事业迅速发展。,3
现在才具备了条件，使我的愿望得以实现。,3
我们正确把握、运用“精髓”和“法宝”，才可能不断排除“左”或右的干扰，保持清醒头脑，提高贯彻执行党的基本路线的自觉性和坚定性。,3
形成巨大的市场，房地产业才会有振兴的动力，从而成为支柱产业。,3
这些都是细菌基因，它们使细菌对抗生素产生耐药性，出现在有活性的致病性细菌中时才会成为问题。,3
一种改善了的国际情势，才会使商业前景趋于暗淡。,3
这些话的真正含义是，把苏联带进亚非会议，才可以冲淡亚非会议反对美帝、反对新老殖民主义的影响。,3
钟凯认为，仅仅把重心放在辟谣上还不够，比如黄瓜打药、西瓜打药，有关专家不知辟谣了多少次，最近又变成葡萄打药，谣言总会变着花样重来，“不断提升全社会对食品监管体系的信任度，谣言才会没市场。,3
这样，才可能由我们每天碰到的，极为平常的事情中，学习到普遍的真理。,3
对警察多一份理解、多一份尊重，我们的社会才会多一点进步，多一些和谐。,3
那些从来就不尊重英国的利益而一味追求自己的利益的人，为了实现自己的目的不惜使我们国家破产、使英联邦四分五裂的人，才会提出其他的建议。,3
报上载消息：有一外国人，被他父亲囚禁在一间污秽肮脏、布满虫蚁的秘室中达几十年之久，人们发现后，将他放了出来，可他“竟然要求返回秘室，理由是在那里他才可以生存”。,3
连发达国家也富豪才坐得起，咱们不还是发展中国家吗？,3
因为多数人家没有洗澡间，热水器听都没听说过，所以大家必须去公共浴池洗澡，一星期一次算奢侈，许多人逢年过节才上澡堂。,3
他们强词夺理地说阿尔及利亚民族解放阵线没有资格作为谈判的一方，坚持在停火—选举以后才可能进行谈判。,3
如此，我们才可能把计划工作的水平逐步提高，进一步加强国家计划对国民经济发展的调节和指导作用。,3
农民们满意地说，共产党的干部，才会这样舍己为民。,3
这就再次证明了，首先有了集体的自由，才会有个人的自由，大集体是小自由的保证。,3
盐水南瓜的味道在那个年月，那个房间，才会散发出那种清香。,3
在故事中让人看到中国的文化，遇见中国人的灵魂，进而实现对中国全新的想象，才可称为是对一个故事的最终完成。,3
既符合总的原则方案，又有本地区、本部门特点的改革措施，才会是行之有效的。,3
毕竟，每一颗星星都发光，人类文明的星空才会更加璀璨。,3
不断地实践，不断地总结经验，不断地学习，才会得到“能”和“多能”。,3
那些完全无视国际法的标准和概念、连起码的人道观念都没有的匪徒们才会干这样的事。,3
彼此生疏的人称呼先生、夫人、小姐或称呼姓氏加头衔，熟人之间才以名字相称。,3
孙文成家里他和他爹二人，他爹又打堤去了，家里还有才分的一个小牛，须要他喂，但他一样的参加生产学习，还得做饭喂牛，完成了互助生产任务。,3
它认为，华侨问题依照正确的原则去解决，才不会上政治掮客挑拨离间的当。,3
他说，欧盟调整好态度，它在这一地区“才会受到欢迎”。,3
呼吁书强调指出，“科学的伟大发现，在它们被用于和平目的和为人们造福时，才可能有助于改善生活条件。,3
动真情、真扶贫，老百姓心中的那座丰碑才会永远为你耸立。,3
对这种情况，企图分裂社会主义力量的帝国主义者和修正主义分子才会感到恼怒。,3
很明显，各国在互利的关系上进行经济和贸易的充分和自由的交流，才不仅能够减轻战争的危险，而且能使得比较落后的国家得到开发。,3
5踏实的后步，才可能有大跨度的前步。,3
也孔子这样以天下为己任的知识分子，才会把求田问舍看得一钱不值。,3
一个人通常在失血百分之二十以上时，才会出现心血管系统紊乱。,3
这样才可以保证这次调查的人口能得到一个全面确实的数字。,3
国大党发言人库尔希德就巴基斯坦再次进行核试验发表谈话，要求瓦杰帕伊不要“以执政的印度人民党领导人的身份”处理南亚出现的最新事态，这样，他才可望得到支持。,3
在这里，我，作为一个亚洲人，才可能自由行走，听不到那种欧洲人的“皇家狂妄”的声音。,3
这样，才不会把WTO规则看成是孤立的外加的东西，而是视为我们正在加强依法行政、建设法治政府所要努力达成的基本原则的一部分。,3
作为“运动之母”，田径比赛中运动员间出现干扰情形是常事，但是，在里约，才出现这种需要重赛的情况。,3
在统治者不能照旧统治下去，人民群众也不能照旧生活下去的时候，革命才会发生。,3
中日两千多年交往的进程，说明了一个很重要的历史真理：不同民族、不同国家之间的交往，在和平友好的气氛中按照人民的意愿来进行，才会对他们的共同发展和整个人类进步事业产生巨大的推动作用。,3
换句话说，当你的行动能真实的一贯的有利于人民事业的时候，才可以证明是站到了人民的立场上了。,3
杜德末称，英共要求结束殖民地战争，撤退英国在各殖民地的军队，解放一切殖民地民族，这样，英国才可以真正获得安全及经济复原。,3
也这样，才可能在条件较差的情况下得到比条件较好的单位更为出色的效果。,3
这样，才可能有学习技术的正确态度以及正确的工作作风和工作方法，而成为一个自觉地为人民事业奋斗的革命干部。,3
如果说，在七月事变以前，布尔什维克们力求用解释工作和改选的方法来争得苏维埃中的多数，改变苏维埃底政策，通过苏维埃而去改变政府底成分和政策，那末，现在采用推翻临时政府的方法才可以夺取政权。,3
这样才可能在大国中获得协议。,3
十七年中，我们在国际的阶级斗争中，取得了抗美援朝战争的伟大胜利和粉碎苏修叛徒集团反共反华逆流的伟大胜利，卖国贼才会否定这种胜利。,3
充分发扬民主，倾听各方面的意见，对于讨论和研究的问题，才可能得出正确的结论。,3
暴雨季节，超量雨水才会顺着草沟，汇集到不远处的水塘。,3
倪九华深有体会地说：“知识分子向群众学习，真心实意地和工人相结合，才会发出光和热。,3
他们依托村落的美，开发出了同这美深度契合的民宿——听听这些诗意的名：云端觅境、云上平田、酉田花开……也亲临了、眼睛和身心感受到了，你才会打心眼里佩服这些年轻人。,3
我们也深深地体味到，文学在沐浴了生活和现实的风风雨雨，以及战胜邪恶和丑陋之后才会更有力量，人们也将在这种文学的唤醒和引导中得到鼓舞和振奋。,3
作为封建制度对立物的资本主义萌芽，才不仅是封建统治松弛和没落的产物，而且是促进封建结构瓦解的力量。,3
这样，才可以做到今年秋季作物样样丰收，块块丰收。,3
也用坚定的态度去正视困难，去解决问题，才可能积累更多的经验，更好地前进。,3
狠抓“天天读”的自觉性，把“天天读”提高到对毛主席和毛泽东思想的态度来认识，才会感到“天天读”是继续革命的需要。,3
去寻找那种基本与别人无争无碍的享受，去体味那种既物质更精神上的享受，去创造那种能够品尝得出来的，从心灵到感官的享受，享受得有文化，有品位，有水平，有质量，才使自己活得充实，活得有滋味。,3
当然，事再难我们也得办，不改革是没出路的，改革才会给老百姓带来实惠。,3
厂领导认为，严格管理和民主管理结合起来，尊重职工的主人翁地位，使企业的严格管理建立在职工自觉自愿的基础上，才会产生劳动效益。,3
据报道，美国认为，苏联限制进攻性武器，美国才会在防御性武器问题上作出让步。,3
人民群众的生活得到保障和不断改善，人民群众的建设热情才可能不断高涨。,3
人人起来负责，才不会人亡政息。,3
正确认识了那场战争，才可以迎来和平。,3
这样，国际原子能机构的保障监督才会有意义。,3
因而，经常深入群众，真心诚意与群众交朋友，放下架子，甘当小学生，才会得到群众的真诚回报。,3
逐步规定了这种定额，才可能审核预算。,3
篮球永远不是独角戏，5个人的作用都得到体现，胜利才会顺理成章。,3
反过来说就是：在美国“遭到外来进攻”或者美国的“盟国”“遭到外来进攻”这两个前提下，美国才会“进行任何单方面的干涉。,3
我们幼儿班的孩子最小的3岁，最大的也才5岁，如何在每周仅有的90分钟内事半功倍地教会更多的东西，激发出孩子们学习中文的兴趣是教学的关键所在。,3
这样，群众才不会称你“先生”，而和你结成知心朋友。,3
自古以来宴会都是一种隆重的礼仪，在重大庆典、款待高宾贵客时才举行。,3
对西部沿边地区、霍尔果斯边境贸易区实行特殊政策，才可能起到突破障碍、带动发展、影响资源流向的作用。,3
一年的实践，使下放干部们体会到，在真正成为一个普通劳动者的时候，才会感到真正的光荣和内心最大的愉快。,3
这样，才可以把劳动力集中到农业生产战线上去。,3
把握重点，因材施教，才不致脱离实际，影响教学的效果。,3
同时，也到群众里面去，才可能真正跟紧毛主席的伟大战略部署，深刻地理解毛主席伟大的战略思想，正确地执行毛主席的无产阶级革命路线。,3
害怕现实、不敢正视真理，才会导致在艺术中确立这种“方法”。,3
独处是一次心灵的检验和灵魂的涤荡，“当一个人独处的时候，他才可以完全成为自己”。,3
我们得来的每个铜板上都凝聚着自己的汗水，才会拿得安心，花得无愧。,3
许多学生因而体会到党的政策的正确，兴奋地说：我们亲眼看到了农村的大好形势，集体化的道路，才为广大农民开辟了无限美好的前途。,3
人的积极性，同一定的生产条件相结合，才会促进生产力的发展。,3
让林木多起来，我们的绿色家园才不会“褪色”。,3
我是一个战士，通过学习新党章，我体会到：把本职工作和中国革命、世界革命联系起来，把本职工作看成是革命不可少的一个组成部分，才会觉得它的重大意义。,3
孙红说：把工作做得更深更细，才可能让每个孩子感到社会的关心与帮助，健康成长。,3
但有人认为创新是年轻人的事情，也有人觉得科技工作者才具备创新能力。,3
苏联人充分理解印度人民争取巩固的持久和平的努力，因为在和平的条件下才可能达到这些目的。,3
那些完全不珍惜加强社会主义国家团结一致的利益的人，才会这样行事。,3
至于大学教师，可以规定副教授以上的教师才可以有终身职，其他讲师、助教等等的职位应是短期性的。,3
不顾群众死活、骑在人民头上作威作福的“四人帮”，才会发出“颗粒无收也不要紧”那样的反革命叫嚣。,3
全世界大陆才会真心对台湾敞开市场。,3
这样通盘考虑，仔细权衡，制定出的留学计划才可行。,3
对女性通常只问候致意，女性主动伸手时，才可轻握对方的手。,3
她满怀爱心地去捐血，对方一看她没有身份证，旅行证件，说住满一年才可以。,3
也付出最大努力，夺得抗洪抢险的最后胜利，才可能以最小的代价，取得最大的成果。,3
大部分贷款手续都是在家门口解决的，在放款时，才到银行面签，省了不少麻烦。,3
柯文教授对笔者说，中心的这种情况，在美国也不多见，大概也费正清中心，才可能举办如此多而高质量的学术讲座，这是其特有的学术地位决定的。,3
他用妈妈才听得懂的话说：“我不能学聋哑人的话，我的耳朵会好的，你还是送我到正常人学校去吧！,3
已8次访华的农场主瑞克·金伯利介绍，这么大的农场里全职种田的就他一个人，在春季播种和秋季收获的时候才会雇佣一两个临时帮手。,3
一切方法都试过了，都失败了，当伟大的十月社会主义革命之后，马克思列宁主义传入中国，中国共产党成立，才使中国革命走向了胜利的道路。,3
各级领导干部确定了以经济建设为中心的业务指导思想，情况明，信息通，思路广，才会做到决策准，指挥灵，千军万马同心同德，上上下下和衷共济，高速发展生产力，不断开创工作的新局面。,3
他说，过去有些同志认为，这种书是老头子才会买的。,3
过去，看见罗伯特·巴乔或是贝克汉姆出来了，有些小激动还要稍微掩饰掩饰，至少有所节制，对方相貌真的英俊有型才喝彩一下。,3
遗失声明”之后，发票并不因其来源如何而妨碍使用，依法办理了公示催告，才可使该发票失去法律效力和使用价值。,3
可是，我们却出现了市场疲软，甚至出现了在资本主义经济危机时才出现的商品过剩现象。,3
摆渡人提出，四人将自己最宝贵的东西分一点给他，他才会摆渡对方过河。,3
专业能力高的人，同时具备了“会来事”或“有背景”的条件，才可能被提拔重用。,3
饱满的政治热情同实际本领相结合，才会发生实际的作用。,3
幸福是相对的，与不幸相比较，才会有真切的体会。,3
那些认为各国间危险的竞争是他们发财之道的人，才会对旨在恢复各国经济关系并改善全体人民生活条件的建议采取敌意的漠不关心的态度。,3
从这个意义出发，无论是“体制内单位”还是民营机构，也无论劳动合同是一年一签还是多年一签，牢固树立遵法守法意识，认真呵护“她权益”，女职工的天空才会更加蔚蓝。,3
我们的足球也一样，做到准确定位，彻底承认中国足球的综合实力还处于亚洲二流水平，才不会受一次比赛成绩好坏的影响，卧薪尝胆，发愤图强，扎扎实实地提高各个环节的水平，全面增强综合实力。,3
难道中美关系僵持下去，甚至进一步恶化才中他们的意？,3
他说，涉及到职工利益的改革，如住房制度、社会保险制度、医疗制度等方面的改革，一定要走群众路线，得到广大职工群众的认可和支持才会获得成功。,3
居民们困惑了：难道占道为市的华昌路农贸市场在检查团来时才会有所改观吗？,3
杭州市上城区东坡路社区党委书记娄李嘉说，这样，他们才会真正关心、支持G20峰会。,3
在检查上面讲的那位男子细胞染色体时发现染色体总数好像45条，经过仔细分析才发现第13号染色体一条“失踪”，另一条比正常长了一倍，说明他细胞中的13号染色体发生了易位，两条13号染色体并成了一条。,3
我想这种道德上正当与否的问题要比违法与否的问题更为重要，有关违法的追究在造成严重后果、有人起诉的情况下才会发生，而道德的追问则在任何情况下都会发生。,3
在各民族社员无法单独建社或者有其他必要时，才可以建立民族联合社。,3
承认阿尔及利亚的独立，法国与阿尔及利亚的关系才会有所改善。,3
是否在日本才可能发生？,3
绣花功夫重在平时，一个好的村级组织，在日常工作中为群众办实事、好事，才会真正赢得群众的信任和支持。,3
他积极参加爱国学生运动和一些有组织的革命活动，开始明白一条道理，打倒帝国主义和军阀，中国才会有出路；要救中国，必须进行革命，而要革命，就必须有革命政党的领导。,3
然而，具体会有什么变化大概等到明年1月20日才会有答案。,3
用“我为人人”的态度去对待服务者，才会换来“人人为我”的回报。,3
坚持这条路线，人民才会相信你，拥护你。,3
要是把“专家”看成是工厂的“主宰”，结果只能是运动群众；把工人看成是工厂的主人，才会大搞群众运动。,3
图片报道泰尔力图搭上科技快车李波张亚利　　“科学技术是第一生产力，在激烈的市场竞争中，不断提高产品的科技含量，才可能在竞争中生存并发展。,3
东南沿海某省明令：省内企业满足不了招标要求时，才允许省外企业参加投标。,3
给予编导足够空间，才会有更多令人惊喜的力作涌现。,3
到了自以为可以得胜回朝，才会趾高气扬地自我暴露一番。,3
当剧烈运动等场合在生理上需要增加肺功能时，才促使那些原处于闭合状态的肺泡也参加动作。,3
香港《南华早报》（英文版）指出，在这样的大背景下，习近平说“创新、结构性改革改善金融治理”，才可以治好世界经济的顽疾。,3
台湾不是一个独立的国家，当然没有资格参加关贸总协定，在中国同意之下，台湾才可以作为中国的一个地区参加。,3
在抓教育的“硬件”建设的同时，又加强了“软件”建设，改善办学条件的效益才会更好一些。,3
人人起来负责，才不会人亡政息。,3
明确职业道德规范与操守，认清职业道德底线与原则，才会不为诱惑所动。,3
这位世界一流的专家说：“医学成果惠泽广大患者才会有意义！,3
但是另一方面，马克思主义政治经济学又告诉我们：“生产力发展到某种状况才会引起生产关系的某种变革”③。,3
把对国际话语权的认识纳入对国际政治的整体认知框架中，才合乎话语权概念的本意。,3
像吴江那样，通过土地合理利用、综合整治，实现土地利用的良性循环，经济的快速、高效发展才会有一个坚实、稳定的物质基础。,3
现在全国平均每万名农业人口四名中、高级（主要是中级）农业技术人员，平均每万亩耕地两名，平均每乡零点六名，每五十二个乡镇企业才一名。,3
因为妇女、儿童和病人才会经常使用那些东西。,3
她说，这样才不至于搬到更穷的区去住。,3
也这样，“百花齐放，百家争鸣”才不是一句空话。,3
这我们社会才可能有的大场面。,3
长期深入到生产斗争中去，同工人群众结合，才会做出成就来。,3
蛋白质丰富，口感才劲道。,3
在共产党来了、人民掌握了政权的时候，工农大众才在经济上、政治上翻身，跟着有了可能在文化上也翻过身来。,3
反右派斗争将是上海各民主党派整风运动的主要关键和决定性的步骤，取得反右派斗争的胜利，才可能使各党派的整风获得彻底的胜利，并在今后获得健康的发展。,3
这就说明，当日本货不威胁美国时，美国才会给予有限的援助，一旦触及美国垄断资本的利益时，帮助就变成了抵制。,3
保持与世界女足的同步发展，中国女足现有的优势才不会失去。,3
而且这个读书的计划和你专业的设计都有非常重要的关系，你在不断阅读的过程中才会发现自己，找到自己。,3
从陈云同志关于坚持真理、修正错误的思想和行动中，可以得到这样几点启示：第一，对党和人民的利益高度负责，同时又对实际情况深切了解，才可能做到坚持真理、修正错误。,3
但处罚到位531件，其中主动接受处罚才221件，剩余310件为城管部门集中追缴到位”。,3
以后，到徐涤家来玩的朋友渐渐少了，熟人见到她也绕道走开，有的同学开玩笑说：“徐涤，死人的时候才会想起找你罗。,3
这样，脚踏实地、埋头苦干的风气才会越来越浓。,3
法官在无力履行其职责或行为与其所任职务不相称的情况下，行政长官才可根据终审法院院长任命的不少于三名当地法官组成的审议庭的建议，予以免职。,3
毛泽东同志的革命路线才使中国革命转危为安，转败为胜，引导我们克服了一个又一个困难，终于战胜了强大的敌人。,3
因此，及时地经常地检查计划的执行，才可能使厂矿工作得到全面的改进。,3
老实说，浏览了先生的全部手稿，才会对其性格的另一面有所了解。,3
大队干部说：“田是人人种，粮是人人吃，这样，才公平合理。,3
这几个政党一致指出，马耳他岛的叛徒才会参加这个“协商委员会”。,3
这种“西方马克思主义”概念，强调辩证法和主观革命性的倾向，似乎他们以及和他们一样的“西方的”马克思主义者才可能有这种理解，“东方的”马克思主义者则绝对不可能这样理解。,3
更多关注人民群众的思想关切，更多对全面小康实践中的热点难点释惑解疑，更多把发展的实践及时升华为理论的指引，全面建成小康社会的“群众力量”才会更充分地激发出来。,3
我发现她目不转睛地瞧着我本上写的字，那眼神她看摇篮里甜睡的小妹妹时候才出现的。,3
例如，一斤心里美萝卜中含丙种维生素一百三十六毫克，一斤小红萝卜中含丙种维生素八十六毫克，而一斤苹果中的丙种维生素二十毫克，梨中含得更少，柑桔类的丙种维生素含量才可以和萝卜相比。,3
他说，全世界都为中国的成就而欢呼，帝国主义者和不可救药的修正主义者才不高兴。,3
因为宣布动用武力，人们才会当真。,3
具备了齐全的线路网络、高速的交通工具、安全舒适的交通体验、组织高效的信息处理，才可称之为交通强国。,3
你漫步在蒙玛特狭窄蜿蜒的碎石小径上时，才会激发出无限的想象力和情趣，诱导出浪漫的遐思。,3
西台集被我解放之蒋军新兵纷纷控诉蒋军罪行，他们说：“把我们的家解放了，才不再受蒋介石的欺压。,3
重庆市第六中学老教师刘稚苓说，抗战时期国民党的达官贵人才吃好米，教师、学生只能吃掺砂石、鼠粪的“平价米”。,3
丧失一切理性和起码的正义感的人，才会认为美国的侵略朝鲜和侵略中国有任何理由。,3
好卖的书，摆几天就出手，再加上我国书店本钱小，难以长期存书，畅销书大都在不长的时间里就失去踪迹，这样，卖不掉的书，才天天在柜台上摆着。,3
通过理论，通过党的路线纲领方针政策，才可能把人民群众的根本利益集中起来，组织人民群众为自己的根本利益去奋斗。,3
内蒙古边防十连战士和乌尼图大队的牧民，在边境线上开起了联欢会，一起高唱和最亲近的人聚会时才唱的民歌“敖包相会”，互相倾诉在保卫边疆的共同战斗中结下的深情。,3
肯尼迪在今年的“国情咨文”中说：“在全世界放下……使我们将来的生存受到威胁的武器的时候，世界秩序才会得到保障”。,3
因为到这里来，吃生蚝才不至于亏本，一个生蚝1美元，吃上30个生蚝就够本了。,3
2017—2018赛季，上赛季常规赛排名17—20位的球队仍将可以获得亚洲外援，之后四个赛季，19—20位球队才可以获得。,3